metric_name,metric_value,stock,file
Book Value Per Share (mrq),-8.38,AAL,Balance_Sheet_Stats.csv
Current Ratio (mrq),0.58,AAL,Balance_Sheet_Stats.csv
Total Cash (mrq),9.1B,AAL,Balance_Sheet_Stats.csv
Total Cash Per Share (mrq),13.86,AAL,Balance_Sheet_Stats.csv
Total Debt (mrq),40.06B,AAL,Balance_Sheet_Stats.csv
Total Debt/Equity (mrq),--,AAL,Balance_Sheet_Stats.csv
Levered Free Cash Flow (ttm),351.62M,AAL,Cash_Flow_Stats.csv
Operating Cash Flow (ttm),2.65B,AAL,Cash_Flow_Stats.csv
5 Year Average Dividend Yield 4,1.27,AAL,Div_Split_Stats.csv
Dividend Date 3,2/19/2020,AAL,Div_Split_Stats.csv
Ex-Dividend Date 4,2/4/2020,AAL,Div_Split_Stats.csv
Forward Annual Dividend Rate 4,--,AAL,Div_Split_Stats.csv
Forward Annual Dividend Yield 4,--,AAL,Div_Split_Stats.csv
Last Split Date 3,--,AAL,Div_Split_Stats.csv
Last Split Factor 2,--,AAL,Div_Split_Stats.csv
Payout Ratio 4,0.00%,AAL,Div_Split_Stats.csv
Trailing Annual Dividend Rate 3,0.00,AAL,Div_Split_Stats.csv
Trailing Annual Dividend Yield 3,0.00%,AAL,Div_Split_Stats.csv
Diluted EPS (ttm),0.71,AAL,Income_Statement_Stats.csv
EBITDA,5.93B,AAL,Income_Statement_Stats.csv
Gross Profit (ttm),--,AAL,Income_Statement_Stats.csv
Net Income Avi to Common (ttm),500M,AAL,Income_Statement_Stats.csv
Quarterly Earnings Growth (yoy),--,AAL,Income_Statement_Stats.csv
Quarterly Revenue Growth (yoy),3.10%,AAL,Income_Statement_Stats.csv
Revenue (ttm),53.17B,AAL,Income_Statement_Stats.csv
Revenue Per Share (ttm),81.23,AAL,Income_Statement_Stats.csv
Return on Assets (ttm),3.51%,AAL,Management_Effect_Stats.csv
Return on Equity (ttm),--,AAL,Management_Effect_Stats.csv
Operating Margin (ttm),0.80%,AAL,Profitability_Stats.csv
Profit Margin,0.94%,AAL,Profitability_Stats.csv
% Held by Insiders 1,1.25%,AAL,Share_Stats.csv
% Held by Institutions 1,52.30%,AAL,Share_Stats.csv
Avg Vol (10 day) 3,35.21M,AAL,Share_Stats.csv
Avg Vol (3 month) 3,30.75M,AAL,Share_Stats.csv
Float 8,647.27M,AAL,Share_Stats.csv
Implied Shares Outstanding 6,656.09M,AAL,Share_Stats.csv
Shares Outstanding 5,656.09M,AAL,Share_Stats.csv
Shares Short (4/15/2024) 4,51.72M,AAL,Share_Stats.csv
Shares Short (prior month 3/15/2024) 4,45.56M,AAL,Share_Stats.csv
Short % of Float (4/15/2024) 4,8.95%,AAL,Share_Stats.csv
Short % of Shares Outstanding (4/15/2024) 4,7.88%,AAL,Share_Stats.csv
Short Ratio (4/15/2024) 4,1.79,AAL,Share_Stats.csv
Book Value Per Share (mrq),4.84,AAPL,Balance_Sheet_Stats.csv
Book Value Per Share (mrq),4.84,AAPL,Balance_Sheet_Stats.csv
Current Ratio (mrq),1.04,AAPL,Balance_Sheet_Stats.csv
Current Ratio (mrq),1.04,AAPL,Balance_Sheet_Stats.csv
Total Cash (mrq),67.15B,AAPL,Balance_Sheet_Stats.csv
Total Cash (mrq),67.15B,AAPL,Balance_Sheet_Stats.csv
Total Cash Per Share (mrq),4.38,AAPL,Balance_Sheet_Stats.csv
Total Cash Per Share (mrq),4.38,AAPL,Balance_Sheet_Stats.csv
Total Debt (mrq),104.59B,AAPL,Balance_Sheet_Stats.csv
Total Debt (mrq),104.59B,AAPL,Balance_Sheet_Stats.csv
Total Debt/Equity (mrq),140.97%,AAPL,Balance_Sheet_Stats.csv
Total Debt/Equity (mrq),140.97%,AAPL,Balance_Sheet_Stats.csv
Levered Free Cash Flow (ttm),84.73B,AAPL,Cash_Flow_Stats.csv
Levered Free Cash Flow (ttm),84.73B,AAPL,Cash_Flow_Stats.csv
Operating Cash Flow (ttm),110.56B,AAPL,Cash_Flow_Stats.csv
Operating Cash Flow (ttm),110.56B,AAPL,Cash_Flow_Stats.csv
5 Year Average Dividend Yield 4,0.73,AAPL,Div_Split_Stats.csv
5 Year Average Dividend Yield 4,0.73,AAPL,Div_Split_Stats.csv
Dividend Date 3,2/15/2024,AAPL,Div_Split_Stats.csv
Dividend Date 3,2/15/2024,AAPL,Div_Split_Stats.csv
Ex-Dividend Date 4,5/10/2024,AAPL,Div_Split_Stats.csv
Ex-Dividend Date 4,5/10/2024,AAPL,Div_Split_Stats.csv
Forward Annual Dividend Rate 4,1,AAPL,Div_Split_Stats.csv
Forward Annual Dividend Rate 4,1,AAPL,Div_Split_Stats.csv
Forward Annual Dividend Yield 4,0.55%,AAPL,Div_Split_Stats.csv
Forward Annual Dividend Yield 4,0.55%,AAPL,Div_Split_Stats.csv
Last Split Date 3,8/31/2020,AAPL,Div_Split_Stats.csv
Last Split Date 3,8/31/2020,AAPL,Div_Split_Stats.csv
Last Split Factor 2,4:1,AAPL,Div_Split_Stats.csv
Last Split Factor 2,4:1,AAPL,Div_Split_Stats.csv
Payout Ratio 4,14.93%,AAPL,Div_Split_Stats.csv
Payout Ratio 4,14.93%,AAPL,Div_Split_Stats.csv
Trailing Annual Dividend Rate 3,0.96,AAPL,Div_Split_Stats.csv
Trailing Annual Dividend Rate 3,0.96,AAPL,Div_Split_Stats.csv
Trailing Annual Dividend Yield 3,0.53%,AAPL,Div_Split_Stats.csv
Trailing Annual Dividend Yield 3,0.53%,AAPL,Div_Split_Stats.csv
Diluted EPS (ttm),6.43,AAPL,Income_Statement_Stats.csv
Diluted EPS (ttm),6.43,AAPL,Income_Statement_Stats.csv
EBITDA,129.63B,AAPL,Income_Statement_Stats.csv
EBITDA,129.63B,AAPL,Income_Statement_Stats.csv
Gross Profit (ttm),--,AAPL,Income_Statement_Stats.csv
Gross Profit (ttm),--,AAPL,Income_Statement_Stats.csv
Net Income Avi to Common (ttm),100.39B,AAPL,Income_Statement_Stats.csv
Net Income Avi to Common (ttm),100.39B,AAPL,Income_Statement_Stats.csv
Quarterly Earnings Growth (yoy),-2.20%,AAPL,Income_Statement_Stats.csv
Quarterly Earnings Growth (yoy),-2.20%,AAPL,Income_Statement_Stats.csv
Quarterly Revenue Growth (yoy),-4.30%,AAPL,Income_Statement_Stats.csv
Quarterly Revenue Growth (yoy),-4.30%,AAPL,Income_Statement_Stats.csv
Revenue (ttm),381.62B,AAPL,Income_Statement_Stats.csv
Revenue (ttm),381.62B,AAPL,Income_Statement_Stats.csv
Revenue Per Share (ttm),24.54,AAPL,Income_Statement_Stats.csv
Revenue Per Share (ttm),24.54,AAPL,Income_Statement_Stats.csv
Return on Assets (ttm),22.07%,AAPL,Management_Effect_Stats.csv
Return on Assets (ttm),22.07%,AAPL,Management_Effect_Stats.csv
Return on Equity (ttm),147.25%,AAPL,Management_Effect_Stats.csv
Return on Equity (ttm),147.25%,AAPL,Management_Effect_Stats.csv
Operating Margin (ttm),30.74%,AAPL,Profitability_Stats.csv
Operating Margin (ttm),30.74%,AAPL,Profitability_Stats.csv
Profit Margin,26.31%,AAPL,Profitability_Stats.csv
Profit Margin,26.31%,AAPL,Profitability_Stats.csv
% Held by Insiders 1,5.98%,AAPL,Share_Stats.csv
% Held by Insiders 1,5.98%,AAPL,Share_Stats.csv
% Held by Institutions 1,57.20%,AAPL,Share_Stats.csv
% Held by Institutions 1,57.20%,AAPL,Share_Stats.csv
Avg Vol (10 day) 3,71.32M,AAPL,Share_Stats.csv
Avg Vol (10 day) 3,71.32M,AAPL,Share_Stats.csv
Avg Vol (3 month) 3,63.8M,AAPL,Share_Stats.csv
Avg Vol (3 month) 3,63.8M,AAPL,Share_Stats.csv
Float 8,15.31B,AAPL,Share_Stats.csv
Float 8,15.31B,AAPL,Share_Stats.csv
Implied Shares Outstanding 6,15.33B,AAPL,Share_Stats.csv
Implied Shares Outstanding 6,15.33B,AAPL,Share_Stats.csv
Shares Outstanding 5,15.33B,AAPL,Share_Stats.csv
Shares Outstanding 5,15.33B,AAPL,Share_Stats.csv
Shares Short (4/15/2024) 4,101.91M,AAPL,Share_Stats.csv
Shares Short (4/15/2024) 4,101.91M,AAPL,Share_Stats.csv
Shares Short (prior month 3/15/2024) 4,110.86M,AAPL,Share_Stats.csv
Shares Short (prior month 3/15/2024) 4,110.86M,AAPL,Share_Stats.csv
Short % of Float (4/15/2024) 4,0.66%,AAPL,Share_Stats.csv
Short % of Float (4/15/2024) 4,0.66%,AAPL,Share_Stats.csv
Short % of Shares Outstanding (4/15/2024) 4,0.66%,AAPL,Share_Stats.csv
Short % of Shares Outstanding (4/15/2024) 4,0.66%,AAPL,Share_Stats.csv
Short Ratio (4/15/2024) 4,1.58,AAPL,Share_Stats.csv
Short Ratio (4/15/2024) 4,1.58,AAPL,Share_Stats.csv
Book Value Per Share (mrq),34.73,AMD,Balance_Sheet_Stats.csv
Current Ratio (mrq),2.64,AMD,Balance_Sheet_Stats.csv
Total Cash (mrq),6.03B,AMD,Balance_Sheet_Stats.csv
Total Cash Per Share (mrq),3.73,AMD,Balance_Sheet_Stats.csv
Total Debt (mrq),3B,AMD,Balance_Sheet_Stats.csv
Total Debt/Equity (mrq),5.34%,AMD,Balance_Sheet_Stats.csv
Levered Free Cash Flow (ttm),2.39B,AMD,Cash_Flow_Stats.csv
Operating Cash Flow (ttm),1.7B,AMD,Cash_Flow_Stats.csv
5 Year Average Dividend Yield 4,--,AMD,Div_Split_Stats.csv
Dividend Date 3,--,AMD,Div_Split_Stats.csv
Ex-Dividend Date 4,4/27/1995,AMD,Div_Split_Stats.csv
Forward Annual Dividend Rate 4,--,AMD,Div_Split_Stats.csv
Forward Annual Dividend Yield 4,--,AMD,Div_Split_Stats.csv
Last Split Date 3,8/22/2000,AMD,Div_Split_Stats.csv
Last Split Factor 2,2:1,AMD,Div_Split_Stats.csv
Payout Ratio 4,0.00%,AMD,Div_Split_Stats.csv
Trailing Annual Dividend Rate 3,0.00,AMD,Div_Split_Stats.csv
Trailing Annual Dividend Yield 3,0.00%,AMD,Div_Split_Stats.csv
Diluted EPS (ttm),0.69,AMD,Income_Statement_Stats.csv
EBITDA,3.84B,AMD,Income_Statement_Stats.csv
Gross Profit (ttm),--,AMD,Income_Statement_Stats.csv
Net Income Avi to Common (ttm),1.12B,AMD,Income_Statement_Stats.csv
Quarterly Earnings Growth (yoy),--,AMD,Income_Statement_Stats.csv
Quarterly Revenue Growth (yoy),2.20%,AMD,Income_Statement_Stats.csv
Revenue (ttm),22.8B,AMD,Income_Statement_Stats.csv
Revenue Per Share (ttm),14.11,AMD,Income_Statement_Stats.csv
Return on Assets (ttm),0.54%,AMD,Management_Effect_Stats.csv
Return on Equity (ttm),2.01%,AMD,Management_Effect_Stats.csv
Operating Margin (ttm),0.66%,AMD,Profitability_Stats.csv
Profit Margin,4.90%,AMD,Profitability_Stats.csv
% Held by Insiders 1,0.47%,AMD,Share_Stats.csv
% Held by Institutions 1,74.82%,AMD,Share_Stats.csv
Avg Vol (10 day) 3,51.1M,AMD,Share_Stats.csv
Avg Vol (3 month) 3,63.98M,AMD,Share_Stats.csv
Float 8,1.61B,AMD,Share_Stats.csv
Implied Shares Outstanding 6,1.62B,AMD,Share_Stats.csv
Shares Outstanding 5,1.62B,AMD,Share_Stats.csv
Shares Short (4/15/2024) 4,32.3M,AMD,Share_Stats.csv
Shares Short (prior month 3/15/2024) 4,38.54M,AMD,Share_Stats.csv
Short % of Float (4/15/2024) 4,2.01%,AMD,Share_Stats.csv
Short % of Shares Outstanding (4/15/2024) 4,2.00%,AMD,Share_Stats.csv
Short Ratio (4/15/2024) 4,0.5,AMD,Share_Stats.csv
Book Value Per Share (mrq),404.24,BABA,Balance_Sheet_Stats.csv
Current Ratio (mrq),1.80,BABA,Balance_Sheet_Stats.csv
Total Cash (mrq),614.4B,BABA,Balance_Sheet_Stats.csv
Total Cash Per Share (mrq),30.72,BABA,Balance_Sheet_Stats.csv
Total Debt (mrq),198.51B,BABA,Balance_Sheet_Stats.csv
Total Debt/Equity (mrq),17.38%,BABA,Balance_Sheet_Stats.csv
Levered Free Cash Flow (ttm),146.29B,BABA,Cash_Flow_Stats.csv
Operating Cash Flow (ttm),190.65B,BABA,Cash_Flow_Stats.csv
5 Year Average Dividend Yield 4,--,BABA,Div_Split_Stats.csv
Dividend Date 3,1/18/2024,BABA,Div_Split_Stats.csv
Ex-Dividend Date 4,12/20/2023,BABA,Div_Split_Stats.csv
Forward Annual Dividend Rate 4,1,BABA,Div_Split_Stats.csv
Forward Annual Dividend Yield 4,1.23%,BABA,Div_Split_Stats.csv
Last Split Date 3,--,BABA,Div_Split_Stats.csv
Last Split Factor 2,--,BABA,Div_Split_Stats.csv
Payout Ratio 4,18.31%,BABA,Div_Split_Stats.csv
Trailing Annual Dividend Rate 3,6.87,BABA,Div_Split_Stats.csv
Trailing Annual Dividend Yield 3,8.42%,BABA,Div_Split_Stats.csv
Diluted EPS (ttm),5.35,BABA,Income_Statement_Stats.csv
EBITDA,181.69B,BABA,Income_Statement_Stats.csv
Gross Profit (ttm),--,BABA,Income_Statement_Stats.csv
Net Income Avi to Common (ttm),99.99B,BABA,Income_Statement_Stats.csv
Quarterly Earnings Growth (yoy),-69.00%,BABA,Income_Statement_Stats.csv
Quarterly Revenue Growth (yoy),5.10%,BABA,Income_Statement_Stats.csv
Revenue (ttm),927.49B,BABA,Income_Statement_Stats.csv
Revenue Per Share (ttm),363.64,BABA,Income_Statement_Stats.csv
Return on Assets (ttm),4.43%,BABA,Management_Effect_Stats.csv
Return on Equity (ttm),8.21%,BABA,Management_Effect_Stats.csv
Operating Margin (ttm),11.91%,BABA,Profitability_Stats.csv
Profit Margin,10.81%,BABA,Profitability_Stats.csv
% Held by Insiders 1,0.02%,BABA,Share_Stats.csv
% Held by Institutions 1,14.73%,BABA,Share_Stats.csv
Avg Vol (10 day) 3,16.21M,BABA,Share_Stats.csv
Avg Vol (3 month) 3,14.9M,BABA,Share_Stats.csv
Float 8,16.41B,BABA,Share_Stats.csv
Implied Shares Outstanding 6,2.56B,BABA,Share_Stats.csv
Shares Outstanding 5,2.43B,BABA,Share_Stats.csv
Shares Short (4/15/2024) 4,40.76M,BABA,Share_Stats.csv
Shares Short (prior month 3/15/2024) 4,44.03M,BABA,Share_Stats.csv
Short % of Float (4/15/2024) 4,--,BABA,Share_Stats.csv
Short % of Shares Outstanding (4/15/2024) 4,1.68%,BABA,Share_Stats.csv
Short Ratio (4/15/2024) 4,3.05,BABA,Share_Stats.csv
Book Value Per Share (mrq),8.54,BATRA,Balance_Sheet_Stats.csv
Current Ratio (mrq),0.93,BATRA,Balance_Sheet_Stats.csv
Total Cash (mrq),125.15M,BATRA,Balance_Sheet_Stats.csv
Total Cash Per Share (mrq),2.02,BATRA,Balance_Sheet_Stats.csv
Total Debt (mrq),679.6M,BATRA,Balance_Sheet_Stats.csv
Total Debt/Equity (mrq),125.70%,BATRA,Balance_Sheet_Stats.csv
Levered Free Cash Flow (ttm),13.94M,BATRA,Cash_Flow_Stats.csv
Operating Cash Flow (ttm),1.63M,BATRA,Cash_Flow_Stats.csv
5 Year Average Dividend Yield 4,--,BATRA,Div_Split_Stats.csv
Dividend Date 3,--,BATRA,Div_Split_Stats.csv
Ex-Dividend Date 4,2/10/2022,BATRA,Div_Split_Stats.csv
Forward Annual Dividend Rate 4,--,BATRA,Div_Split_Stats.csv
Forward Annual Dividend Yield 4,--,BATRA,Div_Split_Stats.csv
Last Split Date 3,--,BATRA,Div_Split_Stats.csv
Last Split Factor 2,--,BATRA,Div_Split_Stats.csv
Payout Ratio 4,0.00%,BATRA,Div_Split_Stats.csv
Trailing Annual Dividend Rate 3,0.00,BATRA,Div_Split_Stats.csv
Trailing Annual Dividend Yield 3,0.00%,BATRA,Div_Split_Stats.csv
Diluted EPS (ttm),-2.03,BATRA,Income_Statement_Stats.csv
EBITDA,22.62M,BATRA,Income_Statement_Stats.csv
Gross Profit (ttm),--,BATRA,Income_Statement_Stats.csv
Net Income Avi to Common (ttm),-125.29M,BATRA,Income_Statement_Stats.csv
Quarterly Earnings Growth (yoy),--,BATRA,Income_Statement_Stats.csv
Quarterly Revenue Growth (yoy),-4.90%,BATRA,Income_Statement_Stats.csv
Revenue (ttm),640.67M,BATRA,Income_Statement_Stats.csv
Revenue Per Share (ttm),10.38,BATRA,Income_Statement_Stats.csv
Return on Assets (ttm),-1.82%,BATRA,Management_Effect_Stats.csv
Return on Equity (ttm),-29.83%,BATRA,Management_Effect_Stats.csv
Operating Margin (ttm),-44.51%,BATRA,Profitability_Stats.csv
Profit Margin,-19.56%,BATRA,Profitability_Stats.csv
% Held by Insiders 1,2.77%,BATRA,Share_Stats.csv
% Held by Institutions 1,74.76%,BATRA,Share_Stats.csv
Avg Vol (10 day) 3,19.27k,BATRA,Share_Stats.csv
Avg Vol (3 month) 3,26.79k,BATRA,Share_Stats.csv
Float 8,47.19M,BATRA,Share_Stats.csv
Implied Shares Outstanding 6,58.43M,BATRA,Share_Stats.csv
Shares Outstanding 5,10.32M,BATRA,Share_Stats.csv
Shares Short (4/15/2024) 4,204.96k,BATRA,Share_Stats.csv
Shares Short (prior month 3/15/2024) 4,208.46k,BATRA,Share_Stats.csv
Short % of Float (4/15/2024) 4,2.58%,BATRA,Share_Stats.csv
Short % of Shares Outstanding (4/15/2024) 4,0.33%,BATRA,Share_Stats.csv
Short Ratio (4/15/2024) 4,7.44,BATRA,Share_Stats.csv
Book Value Per Share (mrq),30.53,BZ,Balance_Sheet_Stats.csv
Current Ratio (mrq),3.07,BZ,Balance_Sheet_Stats.csv
Total Cash (mrq),12.97B,BZ,Balance_Sheet_Stats.csv
Total Cash Per Share (mrq),14.74,BZ,Balance_Sheet_Stats.csv
Total Debt (mrq),280.09M,BZ,Balance_Sheet_Stats.csv
Total Debt/Equity (mrq),2.09%,BZ,Balance_Sheet_Stats.csv
Levered Free Cash Flow (ttm),2.36B,BZ,Cash_Flow_Stats.csv
Operating Cash Flow (ttm),3.05B,BZ,Cash_Flow_Stats.csv
5 Year Average Dividend Yield 4,--,BZ,Div_Split_Stats.csv
Dividend Date 3,12/21/2023,BZ,Div_Split_Stats.csv
Ex-Dividend Date 4,12/4/2023,BZ,Div_Split_Stats.csv
Forward Annual Dividend Rate 4,--,BZ,Div_Split_Stats.csv
Forward Annual Dividend Yield 4,--,BZ,Div_Split_Stats.csv
Last Split Date 3,--,BZ,Div_Split_Stats.csv
Last Split Factor 2,--,BZ,Div_Split_Stats.csv
Payout Ratio 4,0.00%,BZ,Div_Split_Stats.csv
Trailing Annual Dividend Rate 3,0.00,BZ,Div_Split_Stats.csv
Trailing Annual Dividend Yield 3,0.00%,BZ,Div_Split_Stats.csv
Diluted EPS (ttm),0.34,BZ,Income_Statement_Stats.csv
EBITDA,839.72M,BZ,Income_Statement_Stats.csv
Gross Profit (ttm),--,BZ,Income_Statement_Stats.csv
Net Income Avi to Common (ttm),1.1B,BZ,Income_Statement_Stats.csv
Quarterly Earnings Growth (yoy),--,BZ,Income_Statement_Stats.csv
Quarterly Revenue Growth (yoy),46.00%,BZ,Income_Statement_Stats.csv
Revenue (ttm),5.95B,BZ,Income_Statement_Stats.csv
Revenue Per Share (ttm),13.68,BZ,Income_Statement_Stats.csv
Return on Assets (ttm),2.22%,BZ,Management_Effect_Stats.csv
Return on Equity (ttm),8.77%,BZ,Management_Effect_Stats.csv
Operating Margin (ttm),14.06%,BZ,Profitability_Stats.csv
Profit Margin,18.47%,BZ,Profitability_Stats.csv
% Held by Insiders 1,0.06%,BZ,Share_Stats.csv
% Held by Institutions 1,65.88%,BZ,Share_Stats.csv
Avg Vol (10 day) 3,4.67M,BZ,Share_Stats.csv
Avg Vol (3 month) 3,3.8M,BZ,Share_Stats.csv
Float 8,656.58M,BZ,Share_Stats.csv
Implied Shares Outstanding 6,437.04M,BZ,Share_Stats.csv
Shares Outstanding 5,443.9M,BZ,Share_Stats.csv
Shares Short (4/15/2024) 4,13.36M,BZ,Share_Stats.csv
Shares Short (prior month 3/15/2024) 4,15.15M,BZ,Share_Stats.csv
Short % of Float (4/15/2024) 4,--,BZ,Share_Stats.csv
Short % of Shares Outstanding (4/15/2024) 4,2.91%,BZ,Share_Stats.csv
Short Ratio (4/15/2024) 4,3.37,BZ,Share_Stats.csv
Book Value Per Share (mrq),20.98,CMCSA,Balance_Sheet_Stats.csv
Current Ratio (mrq),0.60,CMCSA,Balance_Sheet_Stats.csv
Total Cash (mrq),6.51B,CMCSA,Balance_Sheet_Stats.csv
Total Cash Per Share (mrq),1.66,CMCSA,Balance_Sheet_Stats.csv
Total Debt (mrq),96.57B,CMCSA,Balance_Sheet_Stats.csv
Total Debt/Equity (mrq),115.95%,CMCSA,Balance_Sheet_Stats.csv
Levered Free Cash Flow (ttm),23B,CMCSA,Cash_Flow_Stats.csv
Operating Cash Flow (ttm),29.12B,CMCSA,Cash_Flow_Stats.csv
5 Year Average Dividend Yield 4,2.26,CMCSA,Div_Split_Stats.csv
Dividend Date 3,4/24/2024,CMCSA,Div_Split_Stats.csv
Ex-Dividend Date 4,4/2/2024,CMCSA,Div_Split_Stats.csv
Forward Annual Dividend Rate 4,1.24,CMCSA,Div_Split_Stats.csv
Forward Annual Dividend Yield 4,3.22%,CMCSA,Div_Split_Stats.csv
Last Split Date 3,2/21/2017,CMCSA,Div_Split_Stats.csv
Last Split Factor 2,2:1,CMCSA,Div_Split_Stats.csv
Payout Ratio 4,31.30%,CMCSA,Div_Split_Stats.csv
Trailing Annual Dividend Rate 3,1.18,CMCSA,Div_Split_Stats.csv
Trailing Annual Dividend Yield 3,3.07%,CMCSA,Div_Split_Stats.csv
Diluted EPS (ttm),3.77,CMCSA,Income_Statement_Stats.csv
EBITDA,37.59B,CMCSA,Income_Statement_Stats.csv
Gross Profit (ttm),--,CMCSA,Income_Statement_Stats.csv
Net Income Avi to Common (ttm),15.41B,CMCSA,Income_Statement_Stats.csv
Quarterly Earnings Growth (yoy),0.60%,CMCSA,Income_Statement_Stats.csv
Quarterly Revenue Growth (yoy),1.20%,CMCSA,Income_Statement_Stats.csv
Revenue (ttm),121.94B,CMCSA,Income_Statement_Stats.csv
Revenue Per Share (ttm),30.04,CMCSA,Income_Statement_Stats.csv
Return on Assets (ttm),5.61%,CMCSA,Management_Effect_Stats.csv
Return on Equity (ttm),18.13%,CMCSA,Management_Effect_Stats.csv
Operating Margin (ttm),19.33%,CMCSA,Profitability_Stats.csv
Profit Margin,12.64%,CMCSA,Profitability_Stats.csv
% Held by Insiders 1,0.69%,CMCSA,Share_Stats.csv
% Held by Institutions 1,89.24%,CMCSA,Share_Stats.csv
Avg Vol (10 day) 3,22.88M,CMCSA,Share_Stats.csv
Avg Vol (3 month) 3,22.07M,CMCSA,Share_Stats.csv
Float 8,3.88B,CMCSA,Share_Stats.csv
Implied Shares Outstanding 6,3.92B,CMCSA,Share_Stats.csv
Shares Outstanding 5,3.91B,CMCSA,Share_Stats.csv
Shares Short (4/15/2024) 4,53.51M,CMCSA,Share_Stats.csv
Shares Short (prior month 3/15/2024) 4,48.24M,CMCSA,Share_Stats.csv
Short % of Float (4/15/2024) 4,1.38%,CMCSA,Share_Stats.csv
Short % of Shares Outstanding (4/15/2024) 4,1.36%,CMCSA,Share_Stats.csv
Short Ratio (4/15/2024) 4,2.35,CMCSA,Share_Stats.csv
Book Value Per Share (mrq),68.06,COOP,Balance_Sheet_Stats.csv
Current Ratio (mrq),4.26,COOP,Balance_Sheet_Stats.csv
Total Cash (mrq),578M,COOP,Balance_Sheet_Stats.csv
Total Cash Per Share (mrq),8.93,COOP,Balance_Sheet_Stats.csv
Total Debt (mrq),9.08B,COOP,Balance_Sheet_Stats.csv
Total Debt/Equity (mrq),206.13%,COOP,Balance_Sheet_Stats.csv
Levered Free Cash Flow (ttm),-773.88M,COOP,Cash_Flow_Stats.csv
Operating Cash Flow (ttm),764M,COOP,Cash_Flow_Stats.csv
5 Year Average Dividend Yield 4,--,COOP,Div_Split_Stats.csv
Dividend Date 3,10/11/2018,COOP,Div_Split_Stats.csv
Ex-Dividend Date 4,--,COOP,Div_Split_Stats.csv
Forward Annual Dividend Rate 4,--,COOP,Div_Split_Stats.csv
Forward Annual Dividend Yield 4,--,COOP,Div_Split_Stats.csv
Last Split Date 3,10/11/2018,COOP,Div_Split_Stats.csv
Last Split Factor 2,1:12,COOP,Div_Split_Stats.csv
Payout Ratio 4,0.00%,COOP,Div_Split_Stats.csv
Trailing Annual Dividend Rate 3,0.00,COOP,Div_Split_Stats.csv
Trailing Annual Dividend Yield 3,0.00%,COOP,Div_Split_Stats.csv
Diluted EPS (ttm),9.51,COOP,Income_Statement_Stats.csv
EBITDA,933M,COOP,Income_Statement_Stats.csv
Gross Profit (ttm),--,COOP,Income_Statement_Stats.csv
Net Income Avi to Common (ttm),644M,COOP,Income_Statement_Stats.csv
Quarterly Earnings Growth (yoy),389.20%,COOP,Income_Statement_Stats.csv
Quarterly Revenue Growth (yoy),70.90%,COOP,Income_Statement_Stats.csv
Revenue (ttm),2.03B,COOP,Income_Statement_Stats.csv
Revenue Per Share (ttm),30.74,COOP,Income_Statement_Stats.csv
Return on Assets (ttm),3.84%,COOP,Management_Effect_Stats.csv
Return on Equity (ttm),15.35%,COOP,Management_Effect_Stats.csv
Operating Margin (ttm),45.92%,COOP,Profitability_Stats.csv
Profit Margin,31.76%,COOP,Profitability_Stats.csv
% Held by Insiders 1,3.61%,COOP,Share_Stats.csv
% Held by Institutions 1,90.38%,COOP,Share_Stats.csv
Avg Vol (10 day) 3,507.91k,COOP,Share_Stats.csv
Avg Vol (3 month) 3,490.44k,COOP,Share_Stats.csv
Float 8,62.48M,COOP,Share_Stats.csv
Implied Shares Outstanding 6,64.72M,COOP,Share_Stats.csv
Shares Outstanding 5,64.72M,COOP,Share_Stats.csv
Shares Short (4/15/2024) 4,1.65M,COOP,Share_Stats.csv
Shares Short (prior month 3/15/2024) 4,1.53M,COOP,Share_Stats.csv
Short % of Float (4/15/2024) 4,3.73%,COOP,Share_Stats.csv
Short % of Shares Outstanding (4/15/2024) 4,2.56%,COOP,Share_Stats.csv
Short Ratio (4/15/2024) 4,3.59,COOP,Share_Stats.csv
Book Value Per Share (mrq),17.39,DAL,Balance_Sheet_Stats.csv
Current Ratio (mrq),0.41,DAL,Balance_Sheet_Stats.csv
Total Cash (mrq),4.47B,DAL,Balance_Sheet_Stats.csv
Total Cash Per Share (mrq),6.97,DAL,Balance_Sheet_Stats.csv
Total Debt (mrq),27.41B,DAL,Balance_Sheet_Stats.csv
Total Debt/Equity (mrq),245.80%,DAL,Balance_Sheet_Stats.csv
Levered Free Cash Flow (ttm),-573.88M,DAL,Cash_Flow_Stats.csv
Operating Cash Flow (ttm),6.64B,DAL,Cash_Flow_Stats.csv
5 Year Average Dividend Yield 4,2.30,DAL,Div_Split_Stats.csv
Dividend Date 3,6/4/2024,DAL,Div_Split_Stats.csv
Ex-Dividend Date 4,5/13/2024,DAL,Div_Split_Stats.csv
Forward Annual Dividend Rate 4,0.4,DAL,Div_Split_Stats.csv
Forward Annual Dividend Yield 4,0.76%,DAL,Div_Split_Stats.csv
Last Split Date 3,--,DAL,Div_Split_Stats.csv
Last Split Factor 2,--,DAL,Div_Split_Stats.csv
Payout Ratio 4,3.85%,DAL,Div_Split_Stats.csv
Trailing Annual Dividend Rate 3,0.40,DAL,Div_Split_Stats.csv
Trailing Annual Dividend Yield 3,0.76%,DAL,Div_Split_Stats.csv
Diluted EPS (ttm),7.80,DAL,Income_Statement_Stats.csv
EBITDA,8.18B,DAL,Income_Statement_Stats.csv
Gross Profit (ttm),--,DAL,Income_Statement_Stats.csv
Net Income Avi to Common (ttm),5.01B,DAL,Income_Statement_Stats.csv
Quarterly Earnings Growth (yoy),--,DAL,Income_Statement_Stats.csv
Quarterly Revenue Growth (yoy),7.80%,DAL,Income_Statement_Stats.csv
Revenue (ttm),59.04B,DAL,Income_Statement_Stats.csv
Revenue Per Share (ttm),92.35,DAL,Income_Statement_Stats.csv
Return on Assets (ttm),5.17%,DAL,Management_Effect_Stats.csv
Return on Equity (ttm),57.54%,DAL,Management_Effect_Stats.csv
Operating Margin (ttm),4.12%,DAL,Profitability_Stats.csv
Profit Margin,8.48%,DAL,Profitability_Stats.csv
% Held by Insiders 1,0.30%,DAL,Share_Stats.csv
% Held by Institutions 1,71.06%,DAL,Share_Stats.csv
Avg Vol (10 day) 3,10.09M,DAL,Share_Stats.csv
Avg Vol (3 month) 3,10.06M,DAL,Share_Stats.csv
Float 8,638M,DAL,Share_Stats.csv
Implied Shares Outstanding 6,645.31M,DAL,Share_Stats.csv
Shares Outstanding 5,645.31M,DAL,Share_Stats.csv
Shares Short (4/15/2024) 4,18.86M,DAL,Share_Stats.csv
Shares Short (prior month 3/15/2024) 4,16.1M,DAL,Share_Stats.csv
Short % of Float (4/15/2024) 4,3.30%,DAL,Share_Stats.csv
Short % of Shares Outstanding (4/15/2024) 4,2.92%,DAL,Share_Stats.csv
Short Ratio (4/15/2024) 4,1.63,DAL,Share_Stats.csv
Book Value Per Share (mrq),72.12,DHI,Balance_Sheet_Stats.csv
Current Ratio (mrq),5.70,DHI,Balance_Sheet_Stats.csv
Total Cash (mrq),2.75B,DHI,Balance_Sheet_Stats.csv
Total Cash Per Share (mrq),8.34,DHI,Balance_Sheet_Stats.csv
Total Debt (mrq),5.99B,DHI,Balance_Sheet_Stats.csv
Total Debt/Equity (mrq),24.64%,DHI,Balance_Sheet_Stats.csv
Levered Free Cash Flow (ttm),1.24B,DHI,Cash_Flow_Stats.csv
Operating Cash Flow (ttm),2.36B,DHI,Cash_Flow_Stats.csv
5 Year Average Dividend Yield 4,1.02,DHI,Div_Split_Stats.csv
Dividend Date 3,5/9/2024,DHI,Div_Split_Stats.csv
Ex-Dividend Date 4,5/1/2024,DHI,Div_Split_Stats.csv
Forward Annual Dividend Rate 4,1.2,DHI,Div_Split_Stats.csv
Forward Annual Dividend Yield 4,0.79%,DHI,Div_Split_Stats.csv
Last Split Date 3,3/17/2005,DHI,Div_Split_Stats.csv
Last Split Factor 2,4:3,DHI,Div_Split_Stats.csv
Payout Ratio 4,7.50%,DHI,Div_Split_Stats.csv
Trailing Annual Dividend Rate 3,1.10,DHI,Div_Split_Stats.csv
Trailing Annual Dividend Yield 3,0.73%,DHI,Div_Split_Stats.csv
Diluted EPS (ttm),14.66,DHI,Income_Statement_Stats.csv
EBITDA,6.52B,DHI,Income_Statement_Stats.csv
Gross Profit (ttm),--,DHI,Income_Statement_Stats.csv
Net Income Avi to Common (ttm),4.96B,DHI,Income_Statement_Stats.csv
Quarterly Earnings Growth (yoy),24.40%,DHI,Income_Statement_Stats.csv
Quarterly Revenue Growth (yoy),14.20%,DHI,Income_Statement_Stats.csv
Revenue (ttm),37.06B,DHI,Income_Statement_Stats.csv
Revenue Per Share (ttm),110.59,DHI,Income_Statement_Stats.csv
Return on Assets (ttm),12.27%,DHI,Management_Effect_Stats.csv
Return on Equity (ttm),22.09%,DHI,Management_Effect_Stats.csv
Operating Margin (ttm),16.35%,DHI,Profitability_Stats.csv
Profit Margin,13.39%,DHI,Profitability_Stats.csv
% Held by Insiders 1,9.97%,DHI,Share_Stats.csv
% Held by Institutions 1,85.15%,DHI,Share_Stats.csv
Avg Vol (10 day) 3,2.16M,DHI,Share_Stats.csv
Avg Vol (3 month) 3,2.37M,DHI,Share_Stats.csv
Float 8,320.02M,DHI,Share_Stats.csv
Implied Shares Outstanding 6,329.31M,DHI,Share_Stats.csv
Shares Outstanding 5,329.31M,DHI,Share_Stats.csv
Shares Short (4/15/2024) 4,5.33M,DHI,Share_Stats.csv
Shares Short (prior month 3/15/2024) 4,4.67M,DHI,Share_Stats.csv
Short % of Float (4/15/2024) 4,2.03%,DHI,Share_Stats.csv
Short % of Shares Outstanding (4/15/2024) 4,1.61%,DHI,Share_Stats.csv
Short Ratio (4/15/2024) 4,2.25,DHI,Share_Stats.csv
Book Value Per Share (mrq),53.55,DIS,Balance_Sheet_Stats.csv
Current Ratio (mrq),0.84,DIS,Balance_Sheet_Stats.csv
Total Cash (mrq),7.19B,DIS,Balance_Sheet_Stats.csv
Total Cash Per Share (mrq),3.92,DIS,Balance_Sheet_Stats.csv
Total Debt (mrq),47.69B,DIS,Balance_Sheet_Stats.csv
Total Debt/Equity (mrq),45.20%,DIS,Balance_Sheet_Stats.csv
Levered Free Cash Flow (ttm),7.35B,DIS,Cash_Flow_Stats.csv
Operating Cash Flow (ttm),13.03B,DIS,Cash_Flow_Stats.csv
5 Year Average Dividend Yield 4,1.38,DIS,Div_Split_Stats.csv
Dividend Date 3,7/25/2024,DIS,Div_Split_Stats.csv
Ex-Dividend Date 4,7/5/2024,DIS,Div_Split_Stats.csv
Forward Annual Dividend Rate 4,0.9,DIS,Div_Split_Stats.csv
Forward Annual Dividend Yield 4,0.77%,DIS,Div_Split_Stats.csv
Last Split Date 3,6/13/2007,DIS,Div_Split_Stats.csv
Last Split Factor 2,10000:9865,DIS,Div_Split_Stats.csv
Payout Ratio 4,18.40%,DIS,Div_Split_Stats.csv
Trailing Annual Dividend Rate 3,0.30,DIS,Div_Split_Stats.csv
Trailing Annual Dividend Yield 3,0.26%,DIS,Div_Split_Stats.csv
Diluted EPS (ttm),1.63,DIS,Income_Statement_Stats.csv
EBITDA,15.59B,DIS,Income_Statement_Stats.csv
Gross Profit (ttm),--,DIS,Income_Statement_Stats.csv
Net Income Avi to Common (ttm),2.99B,DIS,Income_Statement_Stats.csv
Quarterly Earnings Growth (yoy),49.40%,DIS,Income_Statement_Stats.csv
Quarterly Revenue Growth (yoy),0.20%,DIS,Income_Statement_Stats.csv
Revenue (ttm),88.93B,DIS,Income_Statement_Stats.csv
Revenue Per Share (ttm),48.60,DIS,Income_Statement_Stats.csv
Return on Assets (ttm),3.22%,DIS,Management_Effect_Stats.csv
Return on Equity (ttm),3.90%,DIS,Management_Effect_Stats.csv
Operating Margin (ttm),12.89%,DIS,Profitability_Stats.csv
Profit Margin,3.36%,DIS,Profitability_Stats.csv
% Held by Insiders 1,0.07%,DIS,Share_Stats.csv
% Held by Institutions 1,67.83%,DIS,Share_Stats.csv
Avg Vol (10 day) 3,7.94M,DIS,Share_Stats.csv
Avg Vol (3 month) 3,11.13M,DIS,Share_Stats.csv
Float 8,1.83B,DIS,Share_Stats.csv
Implied Shares Outstanding 6,1.83B,DIS,Share_Stats.csv
Shares Outstanding 5,1.83B,DIS,Share_Stats.csv
Shares Short (4/15/2024) 4,20.06M,DIS,Share_Stats.csv
Shares Short (prior month 3/15/2024) 4,18.65M,DIS,Share_Stats.csv
Short % of Float (4/15/2024) 4,1.09%,DIS,Share_Stats.csv
Short % of Shares Outstanding (4/15/2024) 4,1.09%,DIS,Share_Stats.csv
Short Ratio (4/15/2024) 4,1.78,DIS,Share_Stats.csv
Book Value Per Share (mrq),23.41,EDU,Balance_Sheet_Stats.csv
Current Ratio (mrq),1.95,EDU,Balance_Sheet_Stats.csv
Total Cash (mrq),4.57B,EDU,Balance_Sheet_Stats.csv
Total Cash Per Share (mrq),2.76,EDU,Balance_Sheet_Stats.csv
Total Debt (mrq),564.01M,EDU,Balance_Sheet_Stats.csv
Total Debt/Equity (mrq),13.59%,EDU,Balance_Sheet_Stats.csv
Levered Free Cash Flow (ttm),827.2M,EDU,Cash_Flow_Stats.csv
Operating Cash Flow (ttm),1.17B,EDU,Cash_Flow_Stats.csv
5 Year Average Dividend Yield 4,--,EDU,Div_Split_Stats.csv
Dividend Date 3,10/6/2017,EDU,Div_Split_Stats.csv
Ex-Dividend Date 4,9/1/2017,EDU,Div_Split_Stats.csv
Forward Annual Dividend Rate 4,--,EDU,Div_Split_Stats.csv
Forward Annual Dividend Yield 4,--,EDU,Div_Split_Stats.csv
Last Split Date 3,4/8/2022,EDU,Div_Split_Stats.csv
Last Split Factor 2,1:10,EDU,Div_Split_Stats.csv
Payout Ratio 4,0.00%,EDU,Div_Split_Stats.csv
Trailing Annual Dividend Rate 3,0.00,EDU,Div_Split_Stats.csv
Trailing Annual Dividend Yield 3,0.00%,EDU,Div_Split_Stats.csv
Diluted EPS (ttm),1.80,EDU,Income_Statement_Stats.csv
EBITDA,456.86M,EDU,Income_Statement_Stats.csv
Gross Profit (ttm),--,EDU,Income_Statement_Stats.csv
Net Income Avi to Common (ttm),311.58M,EDU,Income_Statement_Stats.csv
Quarterly Earnings Growth (yoy),6.80%,EDU,Income_Statement_Stats.csv
Quarterly Revenue Growth (yoy),60.10%,EDU,Income_Statement_Stats.csv
Revenue (ttm),4.04B,EDU,Income_Statement_Stats.csv
Revenue Per Share (ttm),24.42,EDU,Income_Statement_Stats.csv
Return on Assets (ttm),3.63%,EDU,Management_Effect_Stats.csv
Return on Equity (ttm),8.39%,EDU,Management_Effect_Stats.csv
Operating Margin (ttm),9.40%,EDU,Profitability_Stats.csv
Profit Margin,7.72%,EDU,Profitability_Stats.csv
% Held by Insiders 1,2.04%,EDU,Share_Stats.csv
% Held by Institutions 1,41.91%,EDU,Share_Stats.csv
Avg Vol (10 day) 3,3.56M,EDU,Share_Stats.csv
Avg Vol (3 month) 3,1.78M,EDU,Share_Stats.csv
Float 8,1.44B,EDU,Share_Stats.csv
Implied Shares Outstanding 6,165.51M,EDU,Share_Stats.csv
Shares Outstanding 5,165.51M,EDU,Share_Stats.csv
Shares Short (4/15/2024) 4,4.28M,EDU,Share_Stats.csv
Shares Short (prior month 3/15/2024) 4,4.7M,EDU,Share_Stats.csv
Short % of Float (4/15/2024) 4,--,EDU,Share_Stats.csv
Short % of Shares Outstanding (4/15/2024) 4,2.77%,EDU,Share_Stats.csv
Short Ratio (4/15/2024) 4,3.7,EDU,Share_Stats.csv
Book Value Per Share (mrq),10.74,F,Balance_Sheet_Stats.csv
Current Ratio (mrq),1.17,F,Balance_Sheet_Stats.csv
Total Cash (mrq),24.9B,F,Balance_Sheet_Stats.csv
Total Cash Per Share (mrq),6.24,F,Balance_Sheet_Stats.csv
Total Debt (mrq),151.42B,F,Balance_Sheet_Stats.csv
Total Debt/Equity (mrq),352.99%,F,Balance_Sheet_Stats.csv
Levered Free Cash Flow (ttm),-1.76B,F,Cash_Flow_Stats.csv
Operating Cash Flow (ttm),13.5B,F,Cash_Flow_Stats.csv
5 Year Average Dividend Yield 4,5.76,F,Div_Split_Stats.csv
Dividend Date 3,6/3/2024,F,Div_Split_Stats.csv
Ex-Dividend Date 4,5/7/2024,F,Div_Split_Stats.csv
Forward Annual Dividend Rate 4,0.6,F,Div_Split_Stats.csv
Forward Annual Dividend Yield 4,4.80%,F,Div_Split_Stats.csv
Last Split Date 3,8/3/2000,F,Div_Split_Stats.csv
Last Split Factor 2,1748175:1000000,F,Div_Split_Stats.csv
Payout Ratio 4,61.86%,F,Div_Split_Stats.csv
Trailing Annual Dividend Rate 3,0.60,F,Div_Split_Stats.csv
Trailing Annual Dividend Yield 3,4.86%,F,Div_Split_Stats.csv
Diluted EPS (ttm),0.97,F,Income_Statement_Stats.csv
EBITDA,11.08B,F,Income_Statement_Stats.csv
Gross Profit (ttm),--,F,Income_Statement_Stats.csv
Net Income Avi to Common (ttm),3.92B,F,Income_Statement_Stats.csv
Quarterly Earnings Growth (yoy),-24.20%,F,Income_Statement_Stats.csv
Quarterly Revenue Growth (yoy),3.10%,F,Income_Statement_Stats.csv
Revenue (ttm),177.49B,F,Income_Statement_Stats.csv
Revenue Per Share (ttm),44.43,F,Income_Statement_Stats.csv
Return on Assets (ttm),1.12%,F,Management_Effect_Stats.csv
Return on Equity (ttm),9.40%,F,Management_Effect_Stats.csv
Operating Margin (ttm),3.13%,F,Profitability_Stats.csv
Profit Margin,2.21%,F,Profitability_Stats.csv
% Held by Insiders 1,0.28%,F,Share_Stats.csv
% Held by Institutions 1,56.65%,F,Share_Stats.csv
Avg Vol (10 day) 3,58.05M,F,Share_Stats.csv
Avg Vol (3 month) 3,50.98M,F,Share_Stats.csv
Float 8,3.91B,F,Share_Stats.csv
Implied Shares Outstanding 6,3.99B,F,Share_Stats.csv
Shares Outstanding 5,3.92B,F,Share_Stats.csv
Shares Short (4/15/2024) 4,139.02M,F,Share_Stats.csv
Shares Short (prior month 3/15/2024) 4,144.76M,F,Share_Stats.csv
Short % of Float (4/15/2024) 4,3.87%,F,Share_Stats.csv
Short % of Shares Outstanding (4/15/2024) 4,3.50%,F,Share_Stats.csv
Short Ratio (4/15/2024) 4,2.77,F,Share_Stats.csv
Book Value Per Share (mrq),60.54,GM,Balance_Sheet_Stats.csv
Current Ratio (mrq),1.16,GM,Balance_Sheet_Stats.csv
Total Cash (mrq),20.48B,GM,Balance_Sheet_Stats.csv
Total Cash Per Share (mrq),17.95,GM,Balance_Sheet_Stats.csv
Total Debt (mrq),124.62B,GM,Balance_Sheet_Stats.csv
Total Debt/Equity (mrq),176.52%,GM,Balance_Sheet_Stats.csv
Levered Free Cash Flow (ttm),-2B,GM,Cash_Flow_Stats.csv
Operating Cash Flow (ttm),21B,GM,Cash_Flow_Stats.csv
5 Year Average Dividend Yield 4,4.06,GM,Div_Split_Stats.csv
Dividend Date 3,6/20/2024,GM,Div_Split_Stats.csv
Ex-Dividend Date 4,6/7/2024,GM,Div_Split_Stats.csv
Forward Annual Dividend Rate 4,0.48,GM,Div_Split_Stats.csv
Forward Annual Dividend Yield 4,1.07%,GM,Div_Split_Stats.csv
Last Split Date 3,--,GM,Div_Split_Stats.csv
Last Split Factor 2,--,GM,Div_Split_Stats.csv
Payout Ratio 4,4.76%,GM,Div_Split_Stats.csv
Trailing Annual Dividend Rate 3,0.39,GM,Div_Split_Stats.csv
Trailing Annual Dividend Yield 3,0.87%,GM,Div_Split_Stats.csv
Diluted EPS (ttm),8.19,GM,Income_Statement_Stats.csv
EBITDA,16.88B,GM,Income_Statement_Stats.csv
Gross Profit (ttm),--,GM,Income_Statement_Stats.csv
Net Income Avi to Common (ttm),10.62B,GM,Income_Statement_Stats.csv
Quarterly Earnings Growth (yoy),24.40%,GM,Income_Statement_Stats.csv
Quarterly Revenue Growth (yoy),7.60%,GM,Income_Statement_Stats.csv
Revenue (ttm),174.87B,GM,Income_Statement_Stats.csv
Revenue Per Share (ttm),134.13,GM,Income_Statement_Stats.csv
Return on Assets (ttm),2.47%,GM,Management_Effect_Stats.csv
Return on Equity (ttm),14.43%,GM,Management_Effect_Stats.csv
Operating Margin (ttm),8.88%,GM,Profitability_Stats.csv
Profit Margin,6.13%,GM,Profitability_Stats.csv
% Held by Insiders 1,0.33%,GM,Share_Stats.csv
% Held by Institutions 1,98.29%,GM,Share_Stats.csv
Avg Vol (10 day) 3,14.49M,GM,Share_Stats.csv
Avg Vol (3 month) 3,15.91M,GM,Share_Stats.csv
Float 8,1.14B,GM,Share_Stats.csv
Implied Shares Outstanding 6,1.14B,GM,Share_Stats.csv
Shares Outstanding 5,1.14B,GM,Share_Stats.csv
Shares Short (4/15/2024) 4,62.76M,GM,Share_Stats.csv
Shares Short (prior month 3/15/2024) 4,82.52M,GM,Share_Stats.csv
Short % of Float (4/15/2024) 4,6.28%,GM,Share_Stats.csv
Short % of Shares Outstanding (4/15/2024) 4,5.50%,GM,Share_Stats.csv
Short Ratio (4/15/2024) 4,3.62,GM,Share_Stats.csv
Book Value Per Share (mrq),60.58,LI,Balance_Sheet_Stats.csv
Current Ratio (mrq),1.57,LI,Balance_Sheet_Stats.csv
Total Cash (mrq),103.26B,LI,Balance_Sheet_Stats.csv
Total Cash Per Share (mrq),52,LI,Balance_Sheet_Stats.csv
Total Debt (mrq),13.55B,LI,Balance_Sheet_Stats.csv
Total Debt/Equity (mrq),22.36%,LI,Balance_Sheet_Stats.csv
Levered Free Cash Flow (ttm),39.81B,LI,Cash_Flow_Stats.csv
Operating Cash Flow (ttm),50.69B,LI,Cash_Flow_Stats.csv
5 Year Average Dividend Yield 4,--,LI,Div_Split_Stats.csv
Dividend Date 3,--,LI,Div_Split_Stats.csv
Ex-Dividend Date 4,--,LI,Div_Split_Stats.csv
Forward Annual Dividend Rate 4,--,LI,Div_Split_Stats.csv
Forward Annual Dividend Yield 4,--,LI,Div_Split_Stats.csv
Last Split Date 3,--,LI,Div_Split_Stats.csv
Last Split Factor 2,--,LI,Div_Split_Stats.csv
Payout Ratio 4,0.00%,LI,Div_Split_Stats.csv
Trailing Annual Dividend Rate 3,0.00,LI,Div_Split_Stats.csv
Trailing Annual Dividend Yield 3,0.00%,LI,Div_Split_Stats.csv
Diluted EPS (ttm),1.53,LI,Income_Statement_Stats.csv
EBITDA,9.21B,LI,Income_Statement_Stats.csv
Gross Profit (ttm),--,LI,Income_Statement_Stats.csv
Net Income Avi to Common (ttm),11.7B,LI,Income_Statement_Stats.csv
Quarterly Earnings Growth (yoy),"2,102.10%",LI,Income_Statement_Stats.csv
Quarterly Revenue Growth (yoy),136.40%,LI,Income_Statement_Stats.csv
Revenue (ttm),123.85B,LI,Income_Statement_Stats.csv
Revenue Per Share (ttm),125.87,LI,Income_Statement_Stats.csv
Return on Assets (ttm),4.02%,LI,Management_Effect_Stats.csv
Return on Equity (ttm),22.33%,LI,Management_Effect_Stats.csv
Operating Margin (ttm),7.28%,LI,Profitability_Stats.csv
Profit Margin,9.45%,LI,Profitability_Stats.csv
% Held by Insiders 1,0.02%,LI,Share_Stats.csv
% Held by Institutions 1,11.41%,LI,Share_Stats.csv
Avg Vol (10 day) 3,10.35M,LI,Share_Stats.csv
Avg Vol (3 month) 3,8.61M,LI,Share_Stats.csv
Float 8,1.09B,LI,Share_Stats.csv
Implied Shares Outstanding 6,1.02B,LI,Share_Stats.csv
Shares Outstanding 5,992.83M,LI,Share_Stats.csv
Shares Short (4/15/2024) 4,26.34M,LI,Share_Stats.csv
Shares Short (prior month 3/15/2024) 4,29.15M,LI,Share_Stats.csv
Short % of Float (4/15/2024) 4,--,LI,Share_Stats.csv
Short % of Shares Outstanding (4/15/2024) 4,2.65%,LI,Share_Stats.csv
Short Ratio (4/15/2024) 4,2.83,LI,Share_Stats.csv
Book Value Per Share (mrq),17.04,LUV,Balance_Sheet_Stats.csv
Current Ratio (mrq),1.09,LUV,Balance_Sheet_Stats.csv
Total Cash (mrq),10.51B,LUV,Balance_Sheet_Stats.csv
Total Cash Per Share (mrq),17.57,LUV,Balance_Sheet_Stats.csv
Total Debt (mrq),9.16B,LUV,Balance_Sheet_Stats.csv
Total Debt/Equity (mrq),89.85%,LUV,Balance_Sheet_Stats.csv
Levered Free Cash Flow (ttm),-349M,LUV,Cash_Flow_Stats.csv
Operating Cash Flow (ttm),2.35B,LUV,Cash_Flow_Stats.csv
5 Year Average Dividend Yield 4,1.03,LUV,Div_Split_Stats.csv
Dividend Date 3,3/27/2024,LUV,Div_Split_Stats.csv
Ex-Dividend Date 4,3/5/2024,LUV,Div_Split_Stats.csv
Forward Annual Dividend Rate 4,0.72,LUV,Div_Split_Stats.csv
Forward Annual Dividend Yield 4,2.63%,LUV,Div_Split_Stats.csv
Last Split Date 3,2/16/2001,LUV,Div_Split_Stats.csv
Last Split Factor 2,3:2,LUV,Div_Split_Stats.csv
Payout Ratio 4,112.50%,LUV,Div_Split_Stats.csv
Trailing Annual Dividend Rate 3,0.72,LUV,Div_Split_Stats.csv
Trailing Annual Dividend Yield 3,2.63%,LUV,Div_Split_Stats.csv
Diluted EPS (ttm),0.64,LUV,Income_Statement_Stats.csv
EBITDA,2.09B,LUV,Income_Statement_Stats.csv
Gross Profit (ttm),--,LUV,Income_Statement_Stats.csv
Net Income Avi to Common (ttm),393M,LUV,Income_Statement_Stats.csv
Quarterly Earnings Growth (yoy),--,LUV,Income_Statement_Stats.csv
Quarterly Revenue Growth (yoy),10.90%,LUV,Income_Statement_Stats.csv
Revenue (ttm),26.71B,LUV,Income_Statement_Stats.csv
Revenue Per Share (ttm),44.84,LUV,Income_Statement_Stats.csv
Return on Assets (ttm),1.35%,LUV,Management_Effect_Stats.csv
Return on Equity (ttm),3.84%,LUV,Management_Effect_Stats.csv
Operating Margin (ttm),-6.21%,LUV,Profitability_Stats.csv
Profit Margin,1.47%,LUV,Profitability_Stats.csv
% Held by Insiders 1,0.32%,LUV,Share_Stats.csv
% Held by Institutions 1,80.96%,LUV,Share_Stats.csv
Avg Vol (10 day) 3,14.84M,LUV,Share_Stats.csv
Avg Vol (3 month) 3,9.38M,LUV,Share_Stats.csv
Float 8,595.6M,LUV,Share_Stats.csv
Implied Shares Outstanding 6,598.46M,LUV,Share_Stats.csv
Shares Outstanding 5,598.46M,LUV,Share_Stats.csv
Shares Short (4/15/2024) 4,19.42M,LUV,Share_Stats.csv
Shares Short (prior month 3/15/2024) 4,17.69M,LUV,Share_Stats.csv
Short % of Float (4/15/2024) 4,4.12%,LUV,Share_Stats.csv
Short % of Shares Outstanding (4/15/2024) 4,3.25%,LUV,Share_Stats.csv
Short Ratio (4/15/2024) 4,2.41,LUV,Share_Stats.csv
Book Value Per Share (mrq),24.34,MPNGY,Balance_Sheet_Stats.csv
Current Ratio (mrq),1.82,MPNGY,Balance_Sheet_Stats.csv
Total Cash (mrq),145.16B,MPNGY,Balance_Sheet_Stats.csv
Total Cash Per Share (mrq),23.25,MPNGY,Balance_Sheet_Stats.csv
Total Debt (mrq),60.62B,MPNGY,Balance_Sheet_Stats.csv
Total Debt/Equity (mrq),39.89%,MPNGY,Balance_Sheet_Stats.csv
Levered Free Cash Flow (ttm),29.76B,MPNGY,Cash_Flow_Stats.csv
Operating Cash Flow (ttm),40.52B,MPNGY,Cash_Flow_Stats.csv
5 Year Average Dividend Yield 4,--,MPNGY,Div_Split_Stats.csv
Dividend Date 3,--,MPNGY,Div_Split_Stats.csv
Ex-Dividend Date 4,--,MPNGY,Div_Split_Stats.csv
Forward Annual Dividend Rate 4,--,MPNGY,Div_Split_Stats.csv
Forward Annual Dividend Yield 4,--,MPNGY,Div_Split_Stats.csv
Last Split Date 3,--,MPNGY,Div_Split_Stats.csv
Last Split Factor 2,--,MPNGY,Div_Split_Stats.csv
Payout Ratio 4,0.00%,MPNGY,Div_Split_Stats.csv
Trailing Annual Dividend Rate 3,0.00,MPNGY,Div_Split_Stats.csv
Trailing Annual Dividend Yield 3,0.00%,MPNGY,Div_Split_Stats.csv
Diluted EPS (ttm),0.58,MPNGY,Income_Statement_Stats.csv
EBITDA,14.05B,MPNGY,Income_Statement_Stats.csv
Gross Profit (ttm),--,MPNGY,Income_Statement_Stats.csv
Net Income Avi to Common (ttm),13.86B,MPNGY,Income_Statement_Stats.csv
Quarterly Earnings Growth (yoy),--,MPNGY,Income_Statement_Stats.csv
Quarterly Revenue Growth (yoy),22.60%,MPNGY,Income_Statement_Stats.csv
Revenue (ttm),276.74B,MPNGY,Income_Statement_Stats.csv
Revenue Per Share (ttm),89.09,MPNGY,Income_Statement_Stats.csv
Return on Assets (ttm),2.09%,MPNGY,Management_Effect_Stats.csv
Return on Equity (ttm),9.88%,MPNGY,Management_Effect_Stats.csv
Operating Margin (ttm),-0.30%,MPNGY,Profitability_Stats.csv
Profit Margin,5.01%,MPNGY,Profitability_Stats.csv
% Held by Insiders 1,0.00%,MPNGY,Share_Stats.csv
% Held by Institutions 1,0.01%,MPNGY,Share_Stats.csv
Avg Vol (10 day) 3,362.49k,MPNGY,Share_Stats.csv
Avg Vol (3 month) 3,388.88k,MPNGY,Share_Stats.csv
Float 8,5.38B,MPNGY,Share_Stats.csv
Implied Shares Outstanding 6,3.16B,MPNGY,Share_Stats.csv
Shares Outstanding 5,3.1B,MPNGY,Share_Stats.csv
Shares Short (prior month ) 4,--,MPNGY,Share_Stats.csv
Shares Short 4,--,MPNGY,Share_Stats.csv
Short % of Float 4,--,MPNGY,Share_Stats.csv
Short % of Shares Outstanding 4,--,MPNGY,Share_Stats.csv
Short Ratio 4,--,MPNGY,Share_Stats.csv
Book Value Per Share (mrq),136.09,PDD,Balance_Sheet_Stats.csv
Current Ratio (mrq),1.93,PDD,Balance_Sheet_Stats.csv
Total Cash (mrq),217.21B,PDD,Balance_Sheet_Stats.csv
Total Cash Per Share (mrq),39.1,PDD,Balance_Sheet_Stats.csv
Total Debt (mrq),10.17B,PDD,Balance_Sheet_Stats.csv
Total Debt/Equity (mrq),5.43%,PDD,Balance_Sheet_Stats.csv
Levered Free Cash Flow (ttm),82.89B,PDD,Cash_Flow_Stats.csv
Operating Cash Flow (ttm),94.16B,PDD,Cash_Flow_Stats.csv
5 Year Average Dividend Yield 4,--,PDD,Div_Split_Stats.csv
Dividend Date 3,--,PDD,Div_Split_Stats.csv
Ex-Dividend Date 4,--,PDD,Div_Split_Stats.csv
Forward Annual Dividend Rate 4,--,PDD,Div_Split_Stats.csv
Forward Annual Dividend Yield 4,--,PDD,Div_Split_Stats.csv
Last Split Date 3,--,PDD,Div_Split_Stats.csv
Last Split Factor 2,--,PDD,Div_Split_Stats.csv
Payout Ratio 4,0.00%,PDD,Div_Split_Stats.csv
Trailing Annual Dividend Rate 3,0.00,PDD,Div_Split_Stats.csv
Trailing Annual Dividend Yield 3,0.00%,PDD,Div_Split_Stats.csv
Diluted EPS (ttm),5.68,PDD,Income_Statement_Stats.csv
EBITDA,59.48B,PDD,Income_Statement_Stats.csv
Gross Profit (ttm),--,PDD,Income_Statement_Stats.csv
Net Income Avi to Common (ttm),60.03B,PDD,Income_Statement_Stats.csv
Quarterly Earnings Growth (yoy),146.30%,PDD,Income_Statement_Stats.csv
Quarterly Revenue Growth (yoy),123.20%,PDD,Income_Statement_Stats.csv
Revenue (ttm),247.64B,PDD,Income_Statement_Stats.csv
Revenue Per Share (ttm),182.89,PDD,Income_Statement_Stats.csv
Return on Assets (ttm),12.54%,PDD,Management_Effect_Stats.csv
Return on Equity (ttm),39.36%,PDD,Management_Effect_Stats.csv
Operating Margin (ttm),25.20%,PDD,Profitability_Stats.csv
Profit Margin,24.24%,PDD,Profitability_Stats.csv
% Held by Insiders 1,0.00%,PDD,Share_Stats.csv
% Held by Institutions 1,30.24%,PDD,Share_Stats.csv
Avg Vol (10 day) 3,10.23M,PDD,Share_Stats.csv
Avg Vol (3 month) 3,8.73M,PDD,Share_Stats.csv
Float 8,2.99B,PDD,Share_Stats.csv
Implied Shares Outstanding 6,1.33B,PDD,Share_Stats.csv
Shares Outstanding 5,1.39B,PDD,Share_Stats.csv
Shares Short (4/15/2024) 4,28.55M,PDD,Share_Stats.csv
Shares Short (prior month 3/15/2024) 4,23.77M,PDD,Share_Stats.csv
Short % of Float (4/15/2024) 4,3.46%,PDD,Share_Stats.csv
Short % of Shares Outstanding (4/15/2024) 4,2.06%,PDD,Share_Stats.csv
Short Ratio (4/15/2024) 4,2.84,PDD,Share_Stats.csv
Book Value Per Share (mrq),15.77,PFE,Balance_Sheet_Stats.csv
Current Ratio (mrq),--,PFE,Balance_Sheet_Stats.csv
Total Cash (mrq),12.69B,PFE,Balance_Sheet_Stats.csv
Total Cash Per Share (mrq),2.25,PFE,Balance_Sheet_Stats.csv
Total Debt (mrq),75.33B,PFE,Balance_Sheet_Stats.csv
Total Debt/Equity (mrq),84.37%,PFE,Balance_Sheet_Stats.csv
Levered Free Cash Flow (ttm),--,PFE,Cash_Flow_Stats.csv
Operating Cash Flow (ttm),--,PFE,Cash_Flow_Stats.csv
5 Year Average Dividend Yield 4,4.02,PFE,Div_Split_Stats.csv
Dividend Date 3,6/14/2024,PFE,Div_Split_Stats.csv
Ex-Dividend Date 4,5/9/2024,PFE,Div_Split_Stats.csv
Forward Annual Dividend Rate 4,1.68,PFE,Div_Split_Stats.csv
Forward Annual Dividend Yield 4,5.97%,PFE,Div_Split_Stats.csv
Last Split Date 3,11/17/2020,PFE,Div_Split_Stats.csv
Last Split Factor 2,1054:1000,PFE,Div_Split_Stats.csv
Payout Ratio 4,443.24%,PFE,Div_Split_Stats.csv
Trailing Annual Dividend Rate 3,1.65,PFE,Div_Split_Stats.csv
Trailing Annual Dividend Yield 3,5.86%,PFE,Div_Split_Stats.csv
Diluted EPS (ttm),-0.05,PFE,Income_Statement_Stats.csv
EBITDA,9.44B,PFE,Income_Statement_Stats.csv
Gross Profit (ttm),--,PFE,Income_Statement_Stats.csv
Net Income Avi to Common (ttm),-288M,PFE,Income_Statement_Stats.csv
Quarterly Earnings Growth (yoy),-43.80%,PFE,Income_Statement_Stats.csv
Quarterly Revenue Growth (yoy),-18.60%,PFE,Income_Statement_Stats.csv
Revenue (ttm),54.89B,PFE,Income_Statement_Stats.csv
Revenue Per Share (ttm),9.72,PFE,Income_Statement_Stats.csv
Return on Assets (ttm),--,PFE,Management_Effect_Stats.csv
Return on Equity (ttm),--,PFE,Management_Effect_Stats.csv
Operating Margin (ttm),31.52%,PFE,Profitability_Stats.csv
Profit Margin,-0.56%,PFE,Profitability_Stats.csv
% Held by Insiders 1,0.05%,PFE,Share_Stats.csv
% Held by Institutions 1,70.18%,PFE,Share_Stats.csv
Avg Vol (10 day) 3,50.85M,PFE,Share_Stats.csv
Avg Vol (3 month) 3,41.86M,PFE,Share_Stats.csv
Float 8,5.64B,PFE,Share_Stats.csv
Implied Shares Outstanding 6,5.66B,PFE,Share_Stats.csv
Shares Outstanding 5,5.66B,PFE,Share_Stats.csv
Shares Short (4/15/2024) 4,68.06M,PFE,Share_Stats.csv
Shares Short (prior month 3/15/2024) 4,71.65M,PFE,Share_Stats.csv
Short % of Float (4/15/2024) 4,1.20%,PFE,Share_Stats.csv
Short % of Shares Outstanding (4/15/2024) 4,1.20%,PFE,Share_Stats.csv
Short Ratio (4/15/2024) 4,1.83,PFE,Share_Stats.csv
Book Value Per Share (mrq),51.09,PHM,Balance_Sheet_Stats.csv
Current Ratio (mrq),5.74,PHM,Balance_Sheet_Stats.csv
Total Cash (mrq),1.72B,PHM,Balance_Sheet_Stats.csv
Total Cash Per Share (mrq),8.19,PHM,Balance_Sheet_Stats.csv
Total Debt (mrq),2.59B,PHM,Balance_Sheet_Stats.csv
Total Debt/Equity (mrq),24.10%,PHM,Balance_Sheet_Stats.csv
Levered Free Cash Flow (ttm),1.42B,PHM,Cash_Flow_Stats.csv
Operating Cash Flow (ttm),1.73B,PHM,Cash_Flow_Stats.csv
5 Year Average Dividend Yield 4,1.11,PHM,Div_Split_Stats.csv
Dividend Date 3,4/2/2024,PHM,Div_Split_Stats.csv
Ex-Dividend Date 4,3/14/2024,PHM,Div_Split_Stats.csv
Forward Annual Dividend Rate 4,0.8,PHM,Div_Split_Stats.csv
Forward Annual Dividend Yield 4,0.68%,PHM,Div_Split_Stats.csv
Last Split Date 3,9/2/2005,PHM,Div_Split_Stats.csv
Last Split Factor 2,2:1,PHM,Div_Split_Stats.csv
Payout Ratio 4,5.77%,PHM,Div_Split_Stats.csv
Trailing Annual Dividend Rate 3,0.72,PHM,Div_Split_Stats.csv
Trailing Annual Dividend Yield 3,0.61%,PHM,Div_Split_Stats.csv
Diluted EPS (ttm),12.47,PHM,Income_Statement_Stats.csv
EBITDA,3.63B,PHM,Income_Statement_Stats.csv
Gross Profit (ttm),--,PHM,Income_Statement_Stats.csv
Net Income Avi to Common (ttm),2.73B,PHM,Income_Statement_Stats.csv
Quarterly Earnings Growth (yoy),24.60%,PHM,Income_Statement_Stats.csv
Quarterly Revenue Growth (yoy),10.40%,PHM,Income_Statement_Stats.csv
Revenue (ttm),16.44B,PHM,Income_Statement_Stats.csv
Revenue Per Share (ttm),75.86,PHM,Income_Statement_Stats.csv
Return on Assets (ttm),14.13%,PHM,Management_Effect_Stats.csv
Return on Equity (ttm),27.30%,PHM,Management_Effect_Stats.csv
Operating Margin (ttm),20.61%,PHM,Profitability_Stats.csv
Profit Margin,16.63%,PHM,Profitability_Stats.csv
% Held by Insiders 1,0.74%,PHM,Share_Stats.csv
% Held by Institutions 1,93.23%,PHM,Share_Stats.csv
Avg Vol (10 day) 3,1.86M,PHM,Share_Stats.csv
Avg Vol (3 month) 3,1.75M,PHM,Share_Stats.csv
Float 8,208.33M,PHM,Share_Stats.csv
Implied Shares Outstanding 6,210.34M,PHM,Share_Stats.csv
Shares Outstanding 5,210.34M,PHM,Share_Stats.csv
Shares Short (4/15/2024) 4,4.67M,PHM,Share_Stats.csv
Shares Short (prior month 3/15/2024) 4,6.14M,PHM,Share_Stats.csv
Short % of Float (4/15/2024) 4,2.87%,PHM,Share_Stats.csv
Short % of Shares Outstanding (4/15/2024) 4,2.22%,PHM,Share_Stats.csv
Short Ratio (4/15/2024) 4,2.76,PHM,Share_Stats.csv
Book Value Per Share (mrq),19.66,PYPL,Balance_Sheet_Stats.csv
Current Ratio (mrq),1.28,PYPL,Balance_Sheet_Stats.csv
Total Cash (mrq),14.32B,PYPL,Balance_Sheet_Stats.csv
Total Cash Per Share (mrq),13.69,PYPL,Balance_Sheet_Stats.csv
Total Debt (mrq),11.64B,PYPL,Balance_Sheet_Stats.csv
Total Debt/Equity (mrq),56.24%,PYPL,Balance_Sheet_Stats.csv
Levered Free Cash Flow (ttm),6.51B,PYPL,Cash_Flow_Stats.csv
Operating Cash Flow (ttm),5.59B,PYPL,Cash_Flow_Stats.csv
5 Year Average Dividend Yield 4,--,PYPL,Div_Split_Stats.csv
Dividend Date 3,--,PYPL,Div_Split_Stats.csv
Ex-Dividend Date 4,--,PYPL,Div_Split_Stats.csv
Forward Annual Dividend Rate 4,--,PYPL,Div_Split_Stats.csv
Forward Annual Dividend Yield 4,--,PYPL,Div_Split_Stats.csv
Last Split Date 3,--,PYPL,Div_Split_Stats.csv
Last Split Factor 2,--,PYPL,Div_Split_Stats.csv
Payout Ratio 4,0.00%,PYPL,Div_Split_Stats.csv
Trailing Annual Dividend Rate 3,0.00,PYPL,Div_Split_Stats.csv
Trailing Annual Dividend Yield 3,0.00%,PYPL,Div_Split_Stats.csv
Diluted EPS (ttm),3.97,PYPL,Income_Statement_Stats.csv
EBITDA,5.66B,PYPL,Income_Statement_Stats.csv
Gross Profit (ttm),--,PYPL,Income_Statement_Stats.csv
Net Income Avi to Common (ttm),4.34B,PYPL,Income_Statement_Stats.csv
Quarterly Earnings Growth (yoy),11.70%,PYPL,Income_Statement_Stats.csv
Quarterly Revenue Growth (yoy),9.40%,PYPL,Income_Statement_Stats.csv
Revenue (ttm),30.43B,PYPL,Income_Statement_Stats.csv
Revenue Per Share (ttm),28.00,PYPL,Income_Statement_Stats.csv
Return on Assets (ttm),3.95%,PYPL,Management_Effect_Stats.csv
Return on Equity (ttm),21.40%,PYPL,Management_Effect_Stats.csv
Operating Margin (ttm),17.95%,PYPL,Profitability_Stats.csv
Profit Margin,14.26%,PYPL,Profitability_Stats.csv
% Held by Insiders 1,0.21%,PYPL,Share_Stats.csv
% Held by Institutions 1,74.36%,PYPL,Share_Stats.csv
Avg Vol (10 day) 3,16.62M,PYPL,Share_Stats.csv
Avg Vol (3 month) 3,14.82M,PYPL,Share_Stats.csv
Float 8,1.04B,PYPL,Share_Stats.csv
Implied Shares Outstanding 6,1.05B,PYPL,Share_Stats.csv
Shares Outstanding 5,1.05B,PYPL,Share_Stats.csv
Shares Short (4/15/2024) 4,20.97M,PYPL,Share_Stats.csv
Shares Short (prior month 3/15/2024) 4,22.95M,PYPL,Share_Stats.csv
Short % of Float (4/15/2024) 4,1.99%,PYPL,Share_Stats.csv
Short % of Shares Outstanding (4/15/2024) 4,1.99%,PYPL,Share_Stats.csv
Short Ratio (4/15/2024) 4,1.94,PYPL,Share_Stats.csv
Book Value Per Share (mrq),20.02,RCL,Balance_Sheet_Stats.csv
Current Ratio (mrq),0.19,RCL,Balance_Sheet_Stats.csv
Total Cash (mrq),437M,RCL,Balance_Sheet_Stats.csv
Total Cash Per Share (mrq),1.7,RCL,Balance_Sheet_Stats.csv
Total Debt (mrq),21.18B,RCL,Balance_Sheet_Stats.csv
Total Debt/Equity (mrq),397.84%,RCL,Balance_Sheet_Stats.csv
Levered Free Cash Flow (ttm),-318.88M,RCL,Cash_Flow_Stats.csv
Operating Cash Flow (ttm),4.5B,RCL,Cash_Flow_Stats.csv
5 Year Average Dividend Yield 4,2.52,RCL,Div_Split_Stats.csv
Dividend Date 3,4/6/2020,RCL,Div_Split_Stats.csv
Ex-Dividend Date 4,3/5/2020,RCL,Div_Split_Stats.csv
Forward Annual Dividend Rate 4,--,RCL,Div_Split_Stats.csv
Forward Annual Dividend Yield 4,--,RCL,Div_Split_Stats.csv
Last Split Date 3,8/3/1998,RCL,Div_Split_Stats.csv
Last Split Factor 2,2:1,RCL,Div_Split_Stats.csv
Payout Ratio 4,0.00%,RCL,Div_Split_Stats.csv
Trailing Annual Dividend Rate 3,0.00,RCL,Div_Split_Stats.csv
Trailing Annual Dividend Yield 3,0.00%,RCL,Div_Split_Stats.csv
Diluted EPS (ttm),7.85,RCL,Income_Statement_Stats.csv
EBITDA,4.85B,RCL,Income_Statement_Stats.csv
Gross Profit (ttm),--,RCL,Income_Statement_Stats.csv
Net Income Avi to Common (ttm),2.1B,RCL,Income_Statement_Stats.csv
Quarterly Earnings Growth (yoy),--,RCL,Income_Statement_Stats.csv
Quarterly Revenue Growth (yoy),29.20%,RCL,Income_Statement_Stats.csv
Revenue (ttm),14.74B,RCL,Income_Statement_Stats.csv
Revenue Per Share (ttm),57.47,RCL,Income_Statement_Stats.csv
Return on Assets (ttm),6.19%,RCL,Management_Effect_Stats.csv
Return on Equity (ttm),50.68%,RCL,Management_Effect_Stats.csv
Operating Margin (ttm),20.12%,RCL,Profitability_Stats.csv
Profit Margin,14.28%,RCL,Profitability_Stats.csv
% Held by Insiders 1,7.92%,RCL,Share_Stats.csv
% Held by Institutions 1,81.17%,RCL,Share_Stats.csv
Avg Vol (10 day) 3,3.11M,RCL,Share_Stats.csv
Avg Vol (3 month) 3,2.8M,RCL,Share_Stats.csv
Float 8,241.42M,RCL,Share_Stats.csv
Implied Shares Outstanding 6,257.35M,RCL,Share_Stats.csv
Shares Outstanding 5,257.35M,RCL,Share_Stats.csv
Shares Short (4/15/2024) 4,15.05M,RCL,Share_Stats.csv
Shares Short (prior month 3/15/2024) 4,15.68M,RCL,Share_Stats.csv
Short % of Float (4/15/2024) 4,8.54%,RCL,Share_Stats.csv
Short % of Shares Outstanding (4/15/2024) 4,5.85%,RCL,Share_Stats.csv
Short Ratio (4/15/2024) 4,5.41,RCL,Share_Stats.csv
Book Value Per Share (mrq),86.26,TCEHY,Balance_Sheet_Stats.csv
Current Ratio (mrq),1.47,TCEHY,Balance_Sheet_Stats.csv
Total Cash (mrq),379.15B,TCEHY,Balance_Sheet_Stats.csv
Total Cash Per Share (mrq),40.45,TCEHY,Balance_Sheet_Stats.csv
Total Debt (mrq),371.24B,TCEHY,Balance_Sheet_Stats.csv
Total Debt/Equity (mrq),42.49%,TCEHY,Balance_Sheet_Stats.csv
Levered Free Cash Flow (ttm),147.51B,TCEHY,Cash_Flow_Stats.csv
Operating Cash Flow (ttm),221.96B,TCEHY,Cash_Flow_Stats.csv
5 Year Average Dividend Yield 4,0.43,TCEHY,Div_Split_Stats.csv
Dividend Date 3,6/17/2024,TCEHY,Div_Split_Stats.csv
Ex-Dividend Date 4,5/17/2024,TCEHY,Div_Split_Stats.csv
Forward Annual Dividend Rate 4,0.43,TCEHY,Div_Split_Stats.csv
Forward Annual Dividend Yield 4,0.92%,TCEHY,Div_Split_Stats.csv
Last Split Date 3,5/20/2014,TCEHY,Div_Split_Stats.csv
Last Split Factor 2,5:1,TCEHY,Div_Split_Stats.csv
Payout Ratio 4,18.20%,TCEHY,Div_Split_Stats.csv
Trailing Annual Dividend Rate 3,3.09,TCEHY,Div_Split_Stats.csv
Trailing Annual Dividend Yield 3,6.51%,TCEHY,Div_Split_Stats.csv
Diluted EPS (ttm),1.64,TCEHY,Income_Statement_Stats.csv
EBITDA,183.94B,TCEHY,Income_Statement_Stats.csv
Gross Profit (ttm),--,TCEHY,Income_Statement_Stats.csv
Net Income Avi to Common (ttm),115.22B,TCEHY,Income_Statement_Stats.csv
Quarterly Earnings Growth (yoy),-74.60%,TCEHY,Income_Statement_Stats.csv
Quarterly Revenue Growth (yoy),7.10%,TCEHY,Income_Statement_Stats.csv
Revenue (ttm),609.01B,TCEHY,Income_Statement_Stats.csv
Revenue Per Share (ttm),64.41,TCEHY,Income_Statement_Stats.csv
Return on Assets (ttm),6.45%,TCEHY,Management_Effect_Stats.csv
Return on Equity (ttm),14.25%,TCEHY,Management_Effect_Stats.csv
Operating Margin (ttm),29.49%,TCEHY,Profitability_Stats.csv
Profit Margin,18.92%,TCEHY,Profitability_Stats.csv
% Held by Insiders 1,0.00%,TCEHY,Share_Stats.csv
% Held by Institutions 1,0.09%,TCEHY,Share_Stats.csv
Avg Vol (10 day) 3,2.96M,TCEHY,Share_Stats.csv
Avg Vol (3 month) 3,2.61M,TCEHY,Share_Stats.csv
Float 8,6.27B,TCEHY,Share_Stats.csv
Implied Shares Outstanding 6,9.47B,TCEHY,Share_Stats.csv
Shares Outstanding 5,9.42B,TCEHY,Share_Stats.csv
Shares Short (prior month ) 4,--,TCEHY,Share_Stats.csv
Shares Short 4,--,TCEHY,Share_Stats.csv
Short % of Float 4,--,TCEHY,Share_Stats.csv
Short % of Shares Outstanding 4,--,TCEHY,Share_Stats.csv
Short Ratio 4,--,TCEHY,Share_Stats.csv
Book Value Per Share (mrq),20.19,TSLA,Balance_Sheet_Stats.csv
Current Ratio (mrq),1.72,TSLA,Balance_Sheet_Stats.csv
Total Cash (mrq),26.86B,TSLA,Balance_Sheet_Stats.csv
Total Cash Per Share (mrq),8.42,TSLA,Balance_Sheet_Stats.csv
Total Debt (mrq),9.91B,TSLA,Balance_Sheet_Stats.csv
Total Debt/Equity (mrq),15.21%,TSLA,Balance_Sheet_Stats.csv
Levered Free Cash Flow (ttm),-633.12M,TSLA,Cash_Flow_Stats.csv
Operating Cash Flow (ttm),10.98B,TSLA,Cash_Flow_Stats.csv
5 Year Average Dividend Yield 4,--,TSLA,Div_Split_Stats.csv
Dividend Date 3,--,TSLA,Div_Split_Stats.csv
Ex-Dividend Date 4,--,TSLA,Div_Split_Stats.csv
Forward Annual Dividend Rate 4,--,TSLA,Div_Split_Stats.csv
Forward Annual Dividend Yield 4,--,TSLA,Div_Split_Stats.csv
Last Split Date 3,8/25/2022,TSLA,Div_Split_Stats.csv
Last Split Factor 2,3:1,TSLA,Div_Split_Stats.csv
Payout Ratio 4,0.00%,TSLA,Div_Split_Stats.csv
Trailing Annual Dividend Rate 3,0.00,TSLA,Div_Split_Stats.csv
Trailing Annual Dividend Yield 3,0.00%,TSLA,Div_Split_Stats.csv
Diluted EPS (ttm),3.92,TSLA,Income_Statement_Stats.csv
EBITDA,12.26B,TSLA,Income_Statement_Stats.csv
Gross Profit (ttm),--,TSLA,Income_Statement_Stats.csv
Net Income Avi to Common (ttm),13.65B,TSLA,Income_Statement_Stats.csv
Quarterly Earnings Growth (yoy),-55.10%,TSLA,Income_Statement_Stats.csv
Quarterly Revenue Growth (yoy),-8.70%,TSLA,Income_Statement_Stats.csv
Revenue (ttm),94.75B,TSLA,Income_Statement_Stats.csv
Revenue Per Share (ttm),29.80,TSLA,Income_Statement_Stats.csv
Return on Assets (ttm),4.72%,TSLA,Management_Effect_Stats.csv
Return on Equity (ttm),23.74%,TSLA,Management_Effect_Stats.csv
Operating Margin (ttm),5.50%,TSLA,Profitability_Stats.csv
Profit Margin,14.37%,TSLA,Profitability_Stats.csv
% Held by Insiders 1,12.98%,TSLA,Share_Stats.csv
% Held by Institutions 1,45.66%,TSLA,Share_Stats.csv
Avg Vol (10 day) 3,125.46M,TSLA,Share_Stats.csv
Avg Vol (3 month) 3,101.12M,TSLA,Share_Stats.csv
Float 8,2.77B,TSLA,Share_Stats.csv
Implied Shares Outstanding 6,3.19B,TSLA,Share_Stats.csv
Shares Outstanding 5,3.19B,TSLA,Share_Stats.csv
Shares Short (4/15/2024) 4,106.65M,TSLA,Share_Stats.csv
Shares Short (prior month 3/15/2024) 4,102.3M,TSLA,Share_Stats.csv
Short % of Float (4/15/2024) 4,3.84%,TSLA,Share_Stats.csv
Short % of Shares Outstanding (4/15/2024) 4,3.34%,TSLA,Share_Stats.csv
Short Ratio (4/15/2024) 4,1.14,TSLA,Share_Stats.csv
Book Value Per Share (mrq),27.94,UAL,Balance_Sheet_Stats.csv
Current Ratio (mrq),0.75,UAL,Balance_Sheet_Stats.csv
Total Cash (mrq),13.99B,UAL,Balance_Sheet_Stats.csv
Total Cash Per Share (mrq),42.55,UAL,Balance_Sheet_Stats.csv
Total Debt (mrq),34.84B,UAL,Balance_Sheet_Stats.csv
Total Debt/Equity (mrq),379.23%,UAL,Balance_Sheet_Stats.csv
Levered Free Cash Flow (ttm),-1.35B,UAL,Cash_Flow_Stats.csv
Operating Cash Flow (ttm),6.62B,UAL,Cash_Flow_Stats.csv
5 Year Average Dividend Yield 4,--,UAL,Div_Split_Stats.csv
Dividend Date 3,1/23/2008,UAL,Div_Split_Stats.csv
Ex-Dividend Date 4,1/7/2008,UAL,Div_Split_Stats.csv
Forward Annual Dividend Rate 4,--,UAL,Div_Split_Stats.csv
Forward Annual Dividend Yield 4,--,UAL,Div_Split_Stats.csv
Last Split Date 3,--,UAL,Div_Split_Stats.csv
Last Split Factor 2,--,UAL,Div_Split_Stats.csv
Payout Ratio 4,0.00%,UAL,Div_Split_Stats.csv
Trailing Annual Dividend Rate 3,0.00,UAL,Div_Split_Stats.csv
Trailing Annual Dividend Yield 3,0.00%,UAL,Div_Split_Stats.csv
Diluted EPS (ttm),8.19,UAL,Income_Statement_Stats.csv
EBITDA,7.98B,UAL,Income_Statement_Stats.csv
Gross Profit (ttm),--,UAL,Income_Statement_Stats.csv
Net Income Avi to Common (ttm),2.69B,UAL,Income_Statement_Stats.csv
Quarterly Earnings Growth (yoy),--,UAL,Income_Statement_Stats.csv
Quarterly Revenue Growth (yoy),9.70%,UAL,Income_Statement_Stats.csv
Revenue (ttm),54.83B,UAL,Income_Statement_Stats.csv
Revenue Per Share (ttm),167.14,UAL,Income_Statement_Stats.csv
Return on Assets (ttm),4.77%,UAL,Management_Effect_Stats.csv
Return on Equity (ttm),33.90%,UAL,Management_Effect_Stats.csv
Operating Margin (ttm),1.11%,UAL,Profitability_Stats.csv
Profit Margin,4.90%,UAL,Profitability_Stats.csv
% Held by Insiders 1,0.48%,UAL,Share_Stats.csv
% Held by Institutions 1,69.66%,UAL,Share_Stats.csv
Avg Vol (10 day) 3,8.46M,UAL,Share_Stats.csv
Avg Vol (3 month) 3,10.15M,UAL,Share_Stats.csv
Float 8,326.63M,UAL,Share_Stats.csv
Implied Shares Outstanding 6,329.06M,UAL,Share_Stats.csv
Shares Outstanding 5,328.8M,UAL,Share_Stats.csv
Shares Short (4/15/2024) 4,21.94M,UAL,Share_Stats.csv
Shares Short (prior month 3/15/2024) 4,17.84M,UAL,Share_Stats.csv
Short % of Float (4/15/2024) 4,7.56%,UAL,Share_Stats.csv
Short % of Shares Outstanding (4/15/2024) 4,6.67%,UAL,Share_Stats.csv
Short Ratio (4/15/2024) 4,2.56,UAL,Share_Stats.csv
Book Value Per Share (mrq),5.43,VFC,Balance_Sheet_Stats.csv
Current Ratio (mrq),1.24,VFC,Balance_Sheet_Stats.csv
Total Cash (mrq),989.74M,VFC,Balance_Sheet_Stats.csv
Total Cash Per Share (mrq),2.55,VFC,Balance_Sheet_Stats.csv
Total Debt (mrq),7.34B,VFC,Balance_Sheet_Stats.csv
Total Debt/Equity (mrq),348.09%,VFC,Balance_Sheet_Stats.csv
Levered Free Cash Flow (ttm),1.01B,VFC,Cash_Flow_Stats.csv
Operating Cash Flow (ttm),1.28B,VFC,Cash_Flow_Stats.csv
5 Year Average Dividend Yield 4,4.36,VFC,Div_Split_Stats.csv
Dividend Date 3,3/20/2024,VFC,Div_Split_Stats.csv
Ex-Dividend Date 4,3/8/2024,VFC,Div_Split_Stats.csv
Forward Annual Dividend Rate 4,0.36,VFC,Div_Split_Stats.csv
Forward Annual Dividend Yield 4,2.82%,VFC,Div_Split_Stats.csv
Last Split Date 3,5/23/2019,VFC,Div_Split_Stats.csv
Last Split Factor 2,1062:1000,VFC,Div_Split_Stats.csv
Payout Ratio 4,536.67%,VFC,Div_Split_Stats.csv
Trailing Annual Dividend Rate 3,0.99,VFC,Div_Split_Stats.csv
Trailing Annual Dividend Yield 3,7.75%,VFC,Div_Split_Stats.csv
Diluted EPS (ttm),-1.97,VFC,Income_Statement_Stats.csv
EBITDA,1.07B,VFC,Income_Statement_Stats.csv
Gross Profit (ttm),--,VFC,Income_Statement_Stats.csv
Net Income Avi to Common (ttm),-765.47M,VFC,Income_Statement_Stats.csv
Quarterly Earnings Growth (yoy),--,VFC,Income_Statement_Stats.csv
Quarterly Revenue Growth (yoy),-16.20%,VFC,Income_Statement_Stats.csv
Revenue (ttm),10.82B,VFC,Income_Statement_Stats.csv
Revenue Per Share (ttm),27.87,VFC,Income_Statement_Stats.csv
Return on Assets (ttm),3.56%,VFC,Management_Effect_Stats.csv
Return on Equity (ttm),-28.20%,VFC,Management_Effect_Stats.csv
Operating Margin (ttm),9.32%,VFC,Profitability_Stats.csv
Profit Margin,-7.07%,VFC,Profitability_Stats.csv
% Held by Insiders 1,0.94%,VFC,Share_Stats.csv
% Held by Institutions 1,87.14%,VFC,Share_Stats.csv
Avg Vol (10 day) 3,5.97M,VFC,Share_Stats.csv
Avg Vol (3 month) 3,9.36M,VFC,Share_Stats.csv
Float 8,384.93M,VFC,Share_Stats.csv
Implied Shares Outstanding 6,388.82M,VFC,Share_Stats.csv
Shares Outstanding 5,388.82M,VFC,Share_Stats.csv
Shares Short (4/15/2024) 4,37.21M,VFC,Share_Stats.csv
Shares Short (prior month 3/15/2024) 4,30.07M,VFC,Share_Stats.csv
Short % of Float (4/15/2024) 4,10.77%,VFC,Share_Stats.csv
Short % of Shares Outstanding (4/15/2024) 4,9.57%,VFC,Share_Stats.csv
Short Ratio (4/15/2024) 4,3.01,VFC,Share_Stats.csv
Book Value Per Share (mrq),14.01,WB,Balance_Sheet_Stats.csv
Current Ratio (mrq),2.51,WB,Balance_Sheet_Stats.csv
Total Cash (mrq),3.23B,WB,Balance_Sheet_Stats.csv
Total Cash Per Share (mrq),13.26,WB,Balance_Sheet_Stats.csv
Total Debt (mrq),2.71B,WB,Balance_Sheet_Stats.csv
Total Debt/Equity (mrq),76.91%,WB,Balance_Sheet_Stats.csv
Levered Free Cash Flow (ttm),236.89M,WB,Cash_Flow_Stats.csv
Operating Cash Flow (ttm),672.82M,WB,Cash_Flow_Stats.csv
5 Year Average Dividend Yield 4,--,WB,Div_Split_Stats.csv
Dividend Date 3,5/13/2024,WB,Div_Split_Stats.csv
Ex-Dividend Date 4,4/11/2024,WB,Div_Split_Stats.csv
Forward Annual Dividend Rate 4,--,WB,Div_Split_Stats.csv
Forward Annual Dividend Yield 4,--,WB,Div_Split_Stats.csv
Last Split Date 3,--,WB,Div_Split_Stats.csv
Last Split Factor 2,--,WB,Div_Split_Stats.csv
Payout Ratio 4,0.00%,WB,Div_Split_Stats.csv
Trailing Annual Dividend Rate 3,0.00,WB,Div_Split_Stats.csv
Trailing Annual Dividend Yield 3,0.00%,WB,Div_Split_Stats.csv
Diluted EPS (ttm),1.43,WB,Income_Statement_Stats.csv
EBITDA,531.44M,WB,Income_Statement_Stats.csv
Gross Profit (ttm),--,WB,Income_Statement_Stats.csv
Net Income Avi to Common (ttm),342.6M,WB,Income_Statement_Stats.csv
Quarterly Earnings Growth (yoy),-41.40%,WB,Income_Statement_Stats.csv
Quarterly Revenue Growth (yoy),3.50%,WB,Income_Statement_Stats.csv
Revenue (ttm),1.76B,WB,Income_Statement_Stats.csv
Revenue Per Share (ttm),7.47,WB,Income_Statement_Stats.csv
Return on Assets (ttm),4.10%,WB,Management_Effect_Stats.csv
Return on Equity (ttm),10.35%,WB,Management_Effect_Stats.csv
Operating Margin (ttm),25.67%,WB,Profitability_Stats.csv
Profit Margin,19.47%,WB,Profitability_Stats.csv
% Held by Insiders 1,6.14%,WB,Share_Stats.csv
% Held by Institutions 1,43.03%,WB,Share_Stats.csv
Avg Vol (10 day) 3,2M,WB,Share_Stats.csv
Avg Vol (3 month) 3,2.36M,WB,Share_Stats.csv
Float 8,84.24M,WB,Share_Stats.csv
Implied Shares Outstanding 6,243.34M,WB,Share_Stats.csv
Shares Outstanding 5,243.32M,WB,Share_Stats.csv
Shares Short (4/15/2024) 4,10.74M,WB,Share_Stats.csv
Shares Short (prior month 3/15/2024) 4,10.9M,WB,Share_Stats.csv
Short % of Float (4/15/2024) 4,--,WB,Share_Stats.csv
Short % of Shares Outstanding (4/15/2024) 4,4.41%,WB,Share_Stats.csv
Short Ratio (4/15/2024) 4,3.82,WB,Share_Stats.csv
