metric,Current,3/31/2024,12/31/2023,9/30/2023,6/30/2023,3/31/2023,12/31/2022,9/30/2022,stock,1/31/2024,10/31/2023,7/31/2023,4/30/2023,1/31/2023,2/29/2024,11/30/2023,8/31/2023,5/31/2023,2/28/2023
Market Cap,5.62B,4.71B,5.11B,4.58B,5.39B,5.34B,--,--,AIRC,,,,,,,,,,
Enterprise Value,8.88B,7.83B,8.13B,8.16B,9.04B,8.89B,--,--,AIRC,,,,,,,,,,
Trailing P/E,9.00,7.60,5.36,14.90,10.81,6.16,--,--,AIRC,,,,,,,,,,
Forward P/E,714.29,--,222.22,76.92,--,--,121.95,54.35,AIRC,,,,,,,,,,
PEG Ratio (5yr expected),839.32,--,--,--,--,--,1.92,0.69,AIRC,,,,,,,,,,
Price/Sales,7.18,5.95,6.33,5.61,6.93,7.25,--,--,AIRC,,,,,,,,,,
Price/Book,2.47,2.00,2.01,2.26,2.62,2.48,--,--,AIRC,,,,,,,,,,
Enterprise Value/Revenue,11.05,9.54,9.78,9.77,11.24,11.49,--,--,AIRC,,,,,,,,,,
Enterprise Value/EBITDA,7.70,6.72,5.22,9.42,8.56,6.17,--,--,AIRC,,,,,,,,,,
Market Cap,2.95B,2.95B,3.22B,2.68B,2.89B,3.18B,,,BNL,,,,,,,,,,
Enterprise Value,4.67B,4.84B,5.14B,4.66B,4.87B,5.19B,,,BNL,,,,,,,,,,
Trailing P/E,16.13,18.88,17.22,16.07,20.05,23.62,,,BNL,,,,,,,,,,
Forward P/E,--,--,--,--,--,--,,,BNL,,,,,,,,,,
PEG Ratio (5yr expected),--,--,--,--,--,--,,,BNL,,,,,,,,,,
Price/Sales,7.16,6.95,7.39,6.11,6.63,7.52,,,BNL,,,,,,,,,,
Price/Book,0.96,0.97,1.04,0.86,0.94,1.03,,,BNL,,,,,,,,,,
Enterprise Value/Revenue,10.88,10.94,11.42,10.49,11.25,12.73,,,BNL,,,,,,,,,,
Enterprise Value/EBITDA,11.05,12.02,11.57,11.03,12.52,14.24,,,BNL,,,,,,,,,,
Market Cap,1.97B,1.84B,1.78B,1.55B,1.78B,1.81B,,,CAKE,,,,,,,,,,
Enterprise Value,3.77B,3.65B,3.57B,3.30B,3.49B,3.54B,,,CAKE,,,,,,,,,,
Trailing P/E,17.61,17.46,20.12,22.78,35.65,40.76,,,CAKE,,,,,,,,,,
Forward P/E,12.52,11.74,11.04,9.12,12.89,12.79,,,CAKE,,,,,,,,,,
PEG Ratio (5yr expected),2.50,2.35,2.21,1.83,2.58,2.56,,,CAKE,,,,,,,,,,
Price/Sales,0.54,0.52,0.50,0.44,0.51,0.53,,,CAKE,,,,,,,,,,
Price/Book,5.91,5.80,5.53,4.77,5.92,6.20,,,CAKE,,,,,,,,,,
Enterprise Value/Revenue,1.09,1.06,1.03,0.97,1.03,1.07,,,CAKE,,,,,,,,,,
Enterprise Value/EBITDA,18.03,18.09,19.85,20.82,25.20,26.93,,,CAKE,,,,,,,,,,
Market Cap,2.82B,2.84B,2.56B,2.49B,2.29B,2.31B,,,GBDC,,,,,,,,,,
Enterprise Value,--,--,--,--,--,--,,,GBDC,,,,,,,,,,
Trailing P/E,8.09,9.14,9.93,15.12,21.43,19.94,,,GBDC,,,,,,,,,,
Forward P/E,8.47,8.76,8.12,8.29,8.23,9.83,,,GBDC,,,,,,,,,,
PEG Ratio (5yr expected),--,--,--,--,--,--,,,GBDC,,,,,,,,,,
Price/Sales,7.65,8.47,9.04,13.25,17.52,16.88,,,GBDC,,,,,,,,,,
Price/Book,1.09,1.11,1.01,0.99,0.91,0.92,,,GBDC,,,,,,,,,,
Enterprise Value/Revenue,16.68,17.68,19.96,29.85,40.92,39.27,,,GBDC,,,,,,,,,,
Enterprise Value/EBITDA,18.93,--,--,--,--,--,,,GBDC,,,,,,,,,,
Market Cap,4.40B,3.87B,3.01B,3.21B,4.06B,3.29B,,,SEM,,,,,,,,,,
Enterprise Value,9.37B,8.69B,7.96B,8.07B,9.08B,8.27B,,,SEM,,,,,,,,,,
Trailing P/E,16.10,15.79,13.28,15.70,22.44,21.02,,,SEM,,,,,,,,,,
Forward P/E,17.39,14.75,10.04,10.52,18.28,13.16,,,SEM,,,,,,,,,,
PEG Ratio (5yr expected),--,--,--,--,--,--,,,SEM,,,,,,,,,,
Price/Sales,0.61,0.56,0.44,0.48,0.61,0.50,,,SEM,,,,,,,,,,
Price/Book,3.22,3.00,1.98,2.60,2.86,2.50,,,SEM,,,,,,,,,,
Enterprise Value/Revenue,1.38,1.30,1.21,1.24,1.42,1.31,,,SEM,,,,,,,,,,
Enterprise Value/EBITDA,11.21,11.00,10.51,11.08,13.21,13.02,,,SEM,,,,,,,,,,
Market Cap,6.26B,,4.46B,4.18B,3.23B,3.69B,2.70B,,FRO,,,,,,,,,,
Enterprise Value,9.40B,,6.21B,5.96B,5.16B,5.57B,4.72B,,FRO,,,,,,,,,,
Trailing P/E,9.53,,5.70,4.99,4.88,7.49,10.12,,FRO,,,,,,,,,,
Forward P/E,7.81,,6.68,6.82,5.32,6.53,5.52,,FRO,,,,,,,,,,
PEG Ratio (5yr expected),--,,--,--,--,--,--,,FRO,,,,,,,,,,
Price/Sales,3.47,,2.33,2.18,1.86,2.48,2.28,,FRO,,,,,,,,,,
Price/Book,2.75,,2.00,1.82,1.46,1.63,1.33,,FRO,,,,,,,,,,
Enterprise Value/Revenue,5.22,,3.24,3.10,3.02,3.89,4.23,,FRO,,,,,,,,,,
Enterprise Value/EBITDA,8.82,,6.62,6.15,5.30,7.65,9.57,,FRO,,,,,,,,,,
Market Cap,107.26B,105.20B,92.21B,85.51B,79.08B,80.42B,,,CB,,,,,,,,,,
Enterprise Value,124.99B,121.38B,108.14B,100.75B,94.17B,96.23B,,,CB,,,,,,,,,,
Trailing P/E,11.74,11.89,13.23,14.83,15.37,15.47,,,CB,,,,,,,,,,
Forward P/E,12.12,11.92,10.70,10.15,10.66,10.74,,,CB,,,,,,,,,,
PEG Ratio (5yr expected),3.79,0.75,0.67,0.70,0.73,3.47,,,CB,,,,,,,,,,
Price/Sales,2.10,2.15,1.95,1.87,1.82,1.91,,,CB,,,,,,,,,,
Price/Book,1.77,1.77,1.75,1.61,1.49,1.59,,,CB,,,,,,,,,,
Enterprise Value/Revenue,2.42,2.44,2.24,2.17,2.11,2.23,,,CB,,,,,,,,,,
Enterprise Value/EBITDA,--,--,--,--,--,--,,,CB,,,,,,,,,,
Market Cap,12.86B,12.79B,14.07B,12.95B,13.90B,16.12B,,,INCY,,,,,,,,,,
Enterprise Value,9.05B,9.17B,10.59B,9.56B,10.83B,12.92B,,,INCY,,,,,,,,,,
Trailing P/E,17.33,21.50,33.40,35.44,42.93,47.55,,,INCY,,,,,,,,,,
Forward P/E,12.29,12.03,13.42,12.90,15.92,18.76,,,INCY,,,,,,,,,,
PEG Ratio (5yr expected),0.83,0.73,0.36,0.43,0.54,0.64,,,INCY,,,,,,,,,,
Price/Sales,3.44,3.48,3.92,3.70,4.03,4.77,,,INCY,,,,,,,,,,
Price/Book,2.38,2.46,2.86,2.73,3.12,3.69,,,INCY,,,,,,,,,,
Enterprise Value/Revenue,2.40,2.48,2.94,2.72,3.12,3.81,,,INCY,,,,,,,,,,
Enterprise Value/EBITDA,8.18,9.98,14.60,15.05,18.56,21.55,,,INCY,,,,,,,,,,
Market Cap,5.27B,6.21B,5.95B,4.06B,4.24B,2.98B,,,UGP,,,,,,,,,,
Enterprise Value,7.30B,7.63B,7.53B,5.75B,6.04B,4.38B,,,UGP,,,,,,,,,,
Trailing P/E,10.46,12.93,13.36,13.78,12.70,10.20,,,UGP,,,,,,,,,,
Forward P/E,9.79,11.30,16.72,12.95,18.48,17.42,,,UGP,,,,,,,,,,
PEG Ratio (5yr expected),--,--,--,--,--,--,,,UGP,,,,,,,,,,
Price/Sales,0.22,0.25,0.23,0.15,0.15,0.11,,,UGP,,,,,,,,,,
Price/Book,1.95,2.30,2.26,1.66,1.75,1.29,,,UGP,,,,,,,,,,
Enterprise Value/Revenue,0.30,0.30,0.28,0.21,0.21,0.16,,,UGP,,,,,,,,,,
Enterprise Value/EBITDA,5.68,5.99,6.25,6.17,6.13,4.97,,,UGP,,,,,,,,,,
Market Cap,6.46B,,,,,,,,PVH,7.17B,4.46B,5.44B,5.39B,5.64B,,,,,
Enterprise Value,9.29B,,,,,,,,PVH,10.47B,7.87B,8.85B,8.67B,8.82B,,,,,
Trailing P/E,10.60,,,,,,,,PVH,14.32,24.62,27.75,28.32,14.05,,,,,
Forward P/E,10.46,,,,,,,,PVH,10.12,5.83,8.91,8.35,9.46,,,,,
PEG Ratio (5yr expected),0.79,,,,,,,,PVH,0.23,0.13,0.53,0.48,0.82,,,,,
Price/Sales,0.76,,,,,,,,PVH,0.82,0.52,0.64,0.63,0.68,,,,,
Price/Book,1.26,,,,,,,,PVH,1.42,0.88,1.06,1.07,1.17,,,,,
Enterprise Value/Revenue,1.01,,,,,,,,PVH,1.14,0.86,0.98,0.96,0.98,,,,,
Enterprise Value/EBITDA,7.49,,,,,,,,PVH,8.89,10.74,11.57,11.12,12.46,,,,,
Market Cap,1.11B,,1.32B,1.32B,1.81B,1.72B,1.78B,,MOMO,,,,,,,,,,
Enterprise Value,465.67M,,632.08M,541.79M,692.86M,577.58M,850.93M,,MOMO,,,,,,,,,,
Trailing P/E,4.34,,5.19,5.69,8.89,8.58,--,,MOMO,,,,,,,,,,
Forward P/E,6.44,,4.73,4.87,6.90,6.73,6.84,,MOMO,,,,,,,,,,
PEG Ratio (5yr expected),0.92,,0.95,0.81,1.15,0.96,--,,MOMO,,,,,,,,,,
Price/Sales,0.72,,0.82,0.85,1.20,1.04,0.94,,MOMO,,,,,,,,,,
Price/Book,0.67,,0.81,0.88,1.28,1.08,1.13,,MOMO,,,,,,,,,,
Enterprise Value/Revenue,0.28,,0.37,0.32,0.41,0.31,0.45,,MOMO,,,,,,,,,,
Enterprise Value/EBITDA,1.18,,1.73,1.55,2.19,1.78,1.63,,MOMO,,,,,,,,,,
Market Cap,1.99B,,2.41B,2.36B,1.90B,2.16B,2.24B,--,YY,,,,,,,,,,
Enterprise Value,-832.55M,,-503.07M,-568.32M,-1.10B,-874.08M,-772.25M,--,YY,,,,,,,,,,
Trailing P/E,7.01,,--,9.27,13.01,19.61,4.48,33.33,YY,,,,,,,,,,
Forward P/E,7.83,,90.09,136.99,140.85,31.55,31.65,--,YY,,,,,,,,,,
PEG Ratio (5yr expected),0.87,,14.96,6.51,5.38,3.16,--,--,YY,,,,,,,,,,
Price/Sales,1.09,,1.32,1.40,1.09,1.06,1.04,--,YY,,,,,,,,,,
Price/Book,0.39,,0.48,0.47,0.37,0.42,0.40,--,YY,,,,,,,,,,
Enterprise Value/Revenue,-0.36,,-0.88,-1.00,-2.02,-1.50,-1.28,--,YY,,,,,,,,,,
Enterprise Value/EBITDA,-1.22,,-10.05,-9.69,-7.27,-23.11,-37.15,--,YY,,,,,,,,,,
Market Cap,19.44B,16.91B,14.95B,10.93B,11.14B,11.98B,--,,GDDY,,,,,,,,,,
Enterprise Value,22.70B,20.35B,18.57B,14.31B,14.22B,15.18B,--,,GDDY,,,,,,,,,,
Trailing P/E,11.95,13.07,45.96,36.16,36.12,35.49,--,,GDDY,,,,,,,,,,
Forward P/E,30.21,25.71,23.15,23.31,37.04,35.21,--,,GDDY,,,,,,,,,,
PEG Ratio (5yr expected),--,--,1.03,1.19,1.93,1.91,1.52,,GDDY,,,,,,,,,,
Price/Sales,4.74,4.23,3.91,2.81,2.89,3.07,--,,GDDY,,,,,,,,,,
Price/Book,46.88,271.76,--,--,--,--,--,,GDDY,,,,,,,,,,
Enterprise Value/Revenue,5.25,4.78,4.43,3.44,3.45,3.71,--,,GDDY,,,,,,,,,,
Enterprise Value/EBITDA,27.23,24.80,26.08,21.03,20.83,21.77,--,,GDDY,,,,,,,,,,
Market Cap,7.46B,7.51B,7.62B,7.03B,7.58B,7.02B,,,VOYA,,,,,,,,,,
Enterprise Value,9.96B,9.93B,10.42B,9.46B,10.33B,9.60B,,,VOYA,,,,,,,,,,
Trailing P/E,10.54,13.64,12.04,12.54,16.04,16.62,,,VOYA,,,,,,,,,,
Forward P/E,8.97,8.67,8.22,7.18,8.81,8.61,,,VOYA,,,,,,,,,,
PEG Ratio (5yr expected),--,--,--,--,--,--,,,VOYA,,,,,,,,,,
Price/Sales,1.08,1.11,1.14,1.10,1.25,1.36,,,VOYA,,,,,,,,,,
Price/Book,1.80,1.79,2.40,1.89,1.92,1.57,,,VOYA,,,,,,,,,,
Enterprise Value/Revenue,1.35,1.37,1.50,1.45,1.66,1.65,,,VOYA,,,,,,,,,,
Enterprise Value/EBITDA,--,--,--,--,--,--,,,VOYA,,,,,,,,,,
Market Cap,42.26B,42.19B,37.44B,34.45B,32.06B,30.27B,--,--,PRU,,,,,,,,,,
Enterprise Value,58.15B,56.18B,52.44B,51.14B,48.80B,46.77B,--,--,PRU,,,,,,,,,,
Trailing P/E,19.85,17.42,29.30,17.51,66.33,--,127.51,--,PRU,,,,,,,,,,
Forward P/E,8.71,8.61,8.00,7.32,7.00,6.80,--,--,PRU,,,,,,,,,,
PEG Ratio (5yr expected),0.47,0.46,--,--,--,--,--,71.31,PRU,,,,,,,,,,
Price/Sales,0.70,0.79,0.69,0.52,0.50,0.51,--,--,PRU,,,,,,,,,,
Price/Book,1.55,1.52,1.44,1.21,1.02,1.86,--,--,PRU,,,,,,,,,,
Enterprise Value/Revenue,0.96,0.95,0.96,0.76,0.75,0.78,--,--,PRU,,,,,,,,,,
Enterprise Value/EBITDA,--,--,--,--,--,--,--,--,PRU,,,,,,,,,,
Market Cap,776.87M,,957.74M,818.69M,681.20M,615.58M,518.96M,,YALA,,,,,,,,,,
Enterprise Value,243.70M,,415.45M,311.13M,214.34M,164.14M,104.31M,,YALA,,,,,,,,,,
Trailing P/E,7.52,,10.95,10.27,9.48,8.76,7.45,,YALA,,,,,,,,,,
Forward P/E,--,,--,--,--,--,--,,YALA,,,,,,,,,,
PEG Ratio (5yr expected),--,,--,--,--,--,--,,YALA,,,,,,,,,,
Price/Sales,2.79,,3.53,3.05,2.54,2.29,2.09,,YALA,,,,,,,,,,
Price/Book,1.37,,1.83,1.63,1.46,1.40,1.31,,YALA,,,,,,,,,,
Enterprise Value/Revenue,0.76,,1.33,1.01,0.70,0.54,0.35,,YALA,,,,,,,,,,
Enterprise Value/EBITDA,2.47,,4.70,3.86,2.77,2.08,1.25,,YALA,,,,,,,,,,
Market Cap,1.03B,869.14M,923.79M,1.20B,930.77M,828.08M,,,PUMP,,,,,,,,,,
Enterprise Value,1.15B,976.62M,952.30M,1.20B,914.15M,762.09M,,,PUMP,,,,,,,,,,
Trailing P/E,13.99,10.63,8.14,13.12,51.50,359.50,,,PUMP,,,,,,,,,,
Forward P/E,3.10,--,--,--,--,--,,,PUMP,,,,,,,,,,
PEG Ratio (5yr expected),--,--,--,--,--,--,,,PUMP,,,,,,,,,,
Price/Sales,0.67,0.56,0.59,0.78,0.63,0.60,,,PUMP,,,,,,,,,,
Price/Book,1.03,0.87,0.89,1.17,0.95,0.87,,,PUMP,,,,,,,,,,
Enterprise Value/Revenue,0.71,0.60,0.58,0.78,0.64,0.60,,,PUMP,,,,,,,,,,
Enterprise Value/EBITDA,3.72,3.24,2.96,4.33,5.14,5.56,,,PUMP,,,,,,,,,,
Market Cap,22.29B,21.72B,25.38B,27.88B,28.87B,30.37B,,,APTV,,,,,,,,,,
Enterprise Value,28.12B,26.87B,30.56B,33.58B,34.75B,35.80B,,,APTV,,,,,,,,,,
Trailing P/E,7.70,7.67,11.17,29.88,45.78,57.24,,,APTV,,,,,,,,,,
Forward P/E,14.01,14.08,15.08,15.85,23.47,26.11,,,APTV,,,,,,,,,,
PEG Ratio (5yr expected),0.92,0.72,0.74,0.74,1.09,1.21,,,APTV,,,,,,,,,,
Price/Sales,1.16,1.12,1.27,1.39,1.53,1.74,,,APTV,,,,,,,,,,
Price/Book,2.00,1.88,2.32,3.02,3.21,3.45,,,APTV,,,,,,,,,,
Enterprise Value/Revenue,1.40,1.34,1.55,1.74,1.92,2.05,,,APTV,,,,,,,,,,
Enterprise Value/EBITDA,10.67,10.60,12.11,13.40,16.35,18.16,,,APTV,,,,,,,,,,
Market Cap,4.17B,4.33B,3.87B,3.88B,3.99B,3.26B,--,,TEX,,,,,,,,,,
Enterprise Value,4.53B,4.59B,4.31B,4.32B,4.51B,3.73B,--,,TEX,,,,,,,,,,
Trailing P/E,8.19,8.52,8.19,8.92,11.55,11.20,--,,TEX,,,,,,,,,,
Forward P/E,8.68,8.96,8.20,8.23,11.22,9.98,--,,TEX,,,,,,,,,,
PEG Ratio (5yr expected),1.64,--,0.92,0.88,1.39,1.36,0.66,,TEX,,,,,,,,,,
Price/Sales,0.81,0.85,0.76,0.79,0.89,0.76,--,,TEX,,,,,,,,,,
Price/Book,2.41,2.59,2.54,2.68,3.08,2.76,--,,TEX,,,,,,,,,,
Enterprise Value/Revenue,0.87,0.89,0.84,0.87,0.97,0.84,--,,TEX,,,,,,,,,,
Enterprise Value/EBITDA,6.42,6.56,6.26,6.71,8.41,8.05,--,,TEX,,,,,,,,,,
Market Cap,7.96B,8.36B,7.62B,7.60B,6.83B,6.55B,,,GNTX,,,,,,,,,,
Enterprise Value,7.69B,8.11B,7.34B,7.34B,6.59B,6.31B,,,GNTX,,,,,,,,,,
Trailing P/E,18.21,19.63,19.21,20.86,20.75,20.61,,,GNTX,,,,,,,,,,
Forward P/E,16.23,17.12,14.88,14.66,17.57,17.15,,,GNTX,,,,,,,,,,
PEG Ratio (5yr expected),1.56,1.65,0.87,0.85,1.05,1.03,,,GNTX,,,,,,,,,,
Price/Sales,3.37,3.61,3.41,3.54,3.37,3.38,,,GNTX,,,,,,,,,,
Price/Book,3.35,3.61,3.36,3.46,3.22,3.17,,,GNTX,,,,,,,,,,
Enterprise Value/Revenue,3.29,3.53,3.33,3.46,3.29,3.29,,,GNTX,,,,,,,,,,
Enterprise Value/EBITDA,12.71,13.78,13.31,14.20,13.85,13.53,,,GNTX,,,,,,,,,,
Market Cap,1.13B,1.33B,1.20B,1.07B,1.23B,1.48B,,,PLYA,,,,,,,,,,
Enterprise Value,1.92B,2.13B,2.08B,1.87B,2.01B,2.27B,,,PLYA,,,,,,,,,,
Trailing P/E,17.75,26.94,34.60,24.13,23.26,28.24,,,PLYA,,,,,,,,,,
Forward P/E,13.97,16.16,13.53,10.50,16.29,15.75,,,PLYA,,,,,,,,,,
PEG Ratio (5yr expected),--,--,--,--,--,--,,,PLYA,,,,,,,,,,
Price/Sales,1.23,1.49,1.43,1.24,1.47,1.86,,,PLYA,,,,,,,,,,
Price/Book,1.93,2.39,2.00,1.52,1.82,2.23,,,PLYA,,,,,,,,,,
Enterprise Value/Revenue,1.91,2.17,2.20,2.00,2.21,2.65,,,PLYA,,,,,,,,,,
Enterprise Value/EBITDA,7.17,8.32,9.39,8.44,9.28,11.72,,,PLYA,,,,,,,,,,
Market Cap,117.74B,120.27B,102.88B,102.12B,88.44B,76.50B,,,MUFG,,,,,,,,,,
Enterprise Value,--,--,--,--,--,--,,,MUFG,,,,,,,,,,
Trailing P/E,12.56,9.08,8.18,9.93,11.80,26.35,,,MUFG,,,,,,,,,,
Forward P/E,11.34,11.26,9.37,11.81,11.98,9.53,,,MUFG,,,,,,,,,,
PEG Ratio (5yr expected),0.99,0.99,0.90,1.69,5.70,4.54,,,MUFG,,,,,,,,,,
Price/Sales,3.18,3.29,2.67,2.68,2.18,1.78,,,MUFG,,,,,,,,,,
Price/Book,0.93,0.96,0.78,0.84,0.74,0.61,,,MUFG,,,,,,,,,,
Enterprise Value/Revenue,7.93,7.75,7.53,7.92,2.75,6.66,,,MUFG,,,,,,,,,,
Enterprise Value/EBITDA,--,--,--,--,--,--,,,MUFG,,,,,,,,,,
Market Cap,1.24B,1.28B,1.91B,1.56B,2.28B,2.58B,,,JKS,,,,,,,,,,
Enterprise Value,6.29B,6.84B,7.56B,7.31B,7.76B,8.00B,,,JKS,,,,,,,,,,
Trailing P/E,3.32,2.99,3.61,3.45,12.03,26.44,,,JKS,,,,,,,,,,
Forward P/E,9.29,4.58,3.26,3.26,6.35,8.35,,,JKS,,,,,,,,,,
PEG Ratio (5yr expected),--,--,--,--,--,--,,,JKS,,,,,,,,,,
Price/Sales,0.08,0.09,0.12,0.11,0.18,0.21,,,JKS,,,,,,,,,,
Price/Book,0.42,0.48,0.68,0.59,0.94,1.08,,,JKS,,,,,,,,,,
Enterprise Value/Revenue,0.38,0.42,0.46,0.52,0.61,0.66,,,JKS,,,,,,,,,,
Enterprise Value/EBITDA,5.22,6.10,5.84,7.26,13.07,22.02,,,JKS,,,,,,,,,,
Market Cap,6.50B,6.83B,5.69B,7.00B,6.09B,5.37B,,,CHX,,,,,,,,,,
Enterprise Value,6.81B,7.21B,6.08B,7.42B,6.53B,5.84B,,,CHX,,,,,,,,,,
Trailing P/E,18.55,22.86,19.34,28.96,35.27,36.17,,,CHX,,,,,,,,,,
Forward P/E,16.64,17.01,13.11,15.82,16.34,13.24,,,CHX,,,,,,,,,,
PEG Ratio (5yr expected),1.60,1.47,0.58,0.68,0.70,0.58,,,CHX,,,,,,,,,,
Price/Sales,1.81,1.91,1.55,1.87,1.64,1.48,,,CHX,,,,,,,,,,
Price/Book,3.80,4.08,3.24,4.01,3.61,3.17,,,CHX,,,,,,,,,,
Enterprise Value/Revenue,1.83,1.92,1.60,1.91,1.68,1.53,,,CHX,,,,,,,,,,
Enterprise Value/EBITDA,8.89,10.09,8.80,12.07,12.30,12.06,,,CHX,,,,,,,,,,
Market Cap,13.11B,12.63B,11.41B,10.85B,10.47B,9.96B,,,ARCC,,,,,,,,,,
Enterprise Value,--,--,--,--,--,--,,,ARCC,,,,,,,,,,
Trailing P/E,7.28,7.77,8.67,11.87,14.80,15.36,,,ARCC,,,,,,,,,,
Forward P/E,9.07,8.68,8.67,8.58,8.31,7.73,,,ARCC,,,,,,,,,,
PEG Ratio (5yr expected),--,--,--,--,--,--,,,ARCC,,,,,,,,,,
Price/Sales,6.81,7.32,7.98,10.41,12.51,12.78,,,ARCC,,,,,,,,,,
Price/Book,1.10,1.13,1.08,1.07,1.04,1.04,,,ARCC,,,,,,,,,,
Enterprise Value/Revenue,13.59,15.02,16.34,21.87,27.21,28.24,,,ARCC,,,,,,,,,,
Enterprise Value/EBITDA,10.19,--,--,--,--,--,,,ARCC,,,,,,,,,,
Market Cap,30.19B,30.64B,24.18B,21.69B,22.12B,21.73B,,,HIG,,,,,,,,,,
Enterprise Value,34.61B,35.21B,28.76B,26.23B,26.66B,26.19B,,,HIG,,,,,,,,,,
Trailing P/E,11.63,12.93,11.06,11.42,12.42,12.81,,,HIG,,,,,,,,,,
Forward P/E,9.82,10.28,8.24,7.18,8.83,8.09,,,HIG,,,,,,,,,,
PEG Ratio (5yr expected),--,--,--,--,--,--,,,HIG,,,,,,,,,,
Price/Sales,1.26,1.32,1.06,0.98,1.04,1.05,,,HIG,,,,,,,,,,
Price/Book,1.99,2.04,1.80,1.55,1.58,1.63,,,HIG,,,,,,,,,,
Enterprise Value/Revenue,1.39,1.45,1.21,1.13,1.19,1.20,,,HIG,,,,,,,,,,
Enterprise Value/EBITDA,--,--,--,--,--,--,,,HIG,,,,,,,,,,
Market Cap,4.00B,3.23B,3.57B,3.28B,3.05B,3.38B,,,EURN,,,,,,,,,,
Enterprise Value,5.07B,3.71B,5.20B,4.89B,4.46B,5.14B,,,EURN,,,,,,,,,,
Trailing P/E,3.60,3.89,5.16,5.63,7.25,16.79,,,EURN,,,,,,,,,,
Forward P/E,6.85,5.42,5.73,5.35,6.04,6.42,,,EURN,,,,,,,,,,
PEG Ratio (5yr expected),--,--,--,--,--,--,,,EURN,,,,,,,,,,
Price/Sales,3.74,2.71,2.66,2.59,2.85,5.61,,,EURN,,,,,,,,,,
Price/Book,2.11,1.37,1.70,1.55,1.31,1.74,,,EURN,,,,,,,,,,
Enterprise Value/Revenue,4.47,3.00,3.90,3.82,4.13,8.51,,,EURN,,,,,,,,,,
Enterprise Value/EBITDA,3.34,2.94,4.94,5.23,6.10,24.19,,,EURN,,,,,,,,,,
Market Cap,41.40B,41.98B,39.64B,37.30B,36.83B,34.87B,,,CNC,,,,,,,,,,
Enterprise Value,39.73B,41.20B,38.32B,39.27B,40.48B,41.81B,,,CNC,,,,,,,,,,
Trailing P/E,15.30,15.85,16.45,14.11,25.26,30.54,,,CNC,,,,,,,,,,
Forward P/E,11.34,11.51,10.94,10.30,10.43,9.95,,,CNC,,,,,,,,,,
PEG Ratio (5yr expected),0.75,0.76,0.44,0.43,0.78,0.77,,,CNC,,,,,,,,,,
Price/Sales,0.27,0.28,0.27,0.26,0.26,0.25,,,CNC,,,,,,,,,,
Price/Book,1.54,1.63,1.57,1.43,1.47,1.45,,,CNC,,,,,,,,,,
Enterprise Value/Revenue,0.26,0.27,0.26,0.27,0.28,0.29,,,CNC,,,,,,,,,,
Enterprise Value/EBITDA,7.00,7.34,6.63,6.50,9.20,10.00,,,CNC,,,,,,,,,,
Market Cap,62.33B,68.99B,53.14B,48.58B,45.59B,43.08B,,,BBVA,,,,,,,,,,
Enterprise Value,--,--,--,--,--,--,,,BBVA,,,,,,,,,,
Trailing P/E,7.26,8.49,6.75,6.51,6.48,6.53,,,BBVA,,,,,,,,,,
Forward P/E,6.63,8.28,7.04,6.55,6.51,5.99,,,BBVA,,,,,,,,,,
PEG Ratio (5yr expected),1.09,1.73,1.10,1.02,--,0.94,,,BBVA,,,,,,,,,,
Price/Sales,1.68,1.95,1.49,1.44,1.42,1.42,,,BBVA,,,,,,,,,,
Price/Book,1.09,1.22,0.97,0.93,0.88,0.83,,,BBVA,,,,,,,,,,
Enterprise Value/Revenue,3.77,1.77,3.62,3.67,3.32,1.86,,,BBVA,,,,,,,,,,
Enterprise Value/EBITDA,--,--,--,--,--,--,,,BBVA,,,,,,,,,,
Market Cap,37.61B,34.68B,27.72B,29.73B,27.91B,25.26B,,,ACGL,,,,,,,,,,
Enterprise Value,40.44B,37.50B,30.77B,32.81B,30.84B,28.04B,,,ACGL,,,,,,,,,,
Trailing P/E,7.91,7.96,9.58,13.51,14.42,17.86,,,ACGL,,,,,,,,,,
Forward P/E,11.90,11.21,9.29,11.00,13.09,12.35,,,ACGL,,,,,,,,,,
PEG Ratio (5yr expected),--,--,--,--,--,--,,,ACGL,,,,,,,,,,
Price/Sales,2.71,2.63,2.25,2.57,2.60,2.65,,,ACGL,,,,,,,,,,
Price/Book,2.03,1.98,1.92,2.15,2.12,2.09,,,ACGL,,,,,,,,,,
Enterprise Value/Revenue,2.88,2.82,2.47,2.81,2.85,2.90,,,ACGL,,,,,,,,,,
Enterprise Value/EBITDA,--,--,--,--,--,--,,,ACGL,,,,,,,,,,
Market Cap,4.54B,4.80B,4.33B,3.08B,3.69B,3.00B,,,SLM,,,,,,,,,,
Enterprise Value,--,--,--,--,--,--,,,SLM,,,,,,,,,,
Trailing P/E,6.44,9.04,13.46,8.51,9.17,7.04,,,SLM,,,,,,,,,,
Forward P/E,7.62,8.17,7.27,4.97,6.28,4.86,,,SLM,,,,,,,,,,
PEG Ratio (5yr expected),0.58,--,--,--,--,--,,,SLM,,,,,,,,,,
Price/Sales,2.44,2.82,2.68,1.90,2.22,1.78,,,SLM,,,,,,,,,,
Price/Book,2.44,2.95,2.72,1.98,2.34,2.03,,,SLM,,,,,,,,,,
Enterprise Value/Revenue,5.03,5.68,5.91,4.85,5.10,4.65,,,SLM,,,,,,,,,,
Enterprise Value/EBITDA,--,--,--,--,--,--,,,SLM,,,,,,,,,,
Market Cap,3.85B,,,,,,,,URBN,3.53B,3.21B,3.37B,2.51B,2.52B,,,,,
Enterprise Value,4.47B,,,,,,,,URBN,4.15B,3.85B,4.07B,3.24B,3.32B,,,,,
Trailing P/E,13.59,,,,,,,,URBN,13.15,14.37,18.84,15.92,15.39,,,,,
Forward P/E,11.51,,,,,,,,URBN,11.52,11.72,15.95,12.85,13.32,,,,,
PEG Ratio (5yr expected),1.22,,,,,,,,URBN,0.52,0.57,0.86,0.72,4.53,,,,,
Price/Sales,0.76,,,,,,,,URBN,0.71,0.66,0.70,0.53,0.55,,,,,
Price/Book,1.82,,,,,,,,URBN,1.72,1.63,1.82,1.40,1.45,,,,,
Enterprise Value/Revenue,0.87,,,,,,,,URBN,0.82,0.78,0.84,0.68,0.70,,,,,
Enterprise Value/EBITDA,9.09,,,,,,,,URBN,9.31,9.83,11.72,9.97,9.61,,,,,
Market Cap,14.83B,14.23B,13.85B,14.61B,16.45B,16.59B,--,--,FOXA,,,,,,,,,,
Enterprise Value,19.18B,19.51B,18.21B,18.55B,20.52B,20.75B,--,--,FOXA,,,,,,,,,,
Trailing P/E,10.41,18.29,14.47,13.39,15.89,12.52,--,--,FOXA,,,,,,,,,,
Forward P/E,9.19,8.67,8.96,9.67,10.98,11.03,--,--,FOXA,,,,,,,,,,
PEG Ratio (5yr expected),1.09,16.05,16.59,--,--,2.53,2.06,3.62,FOXA,,,,,,,,,,
Price/Sales,1.16,1.08,1.02,1.11,1.24,1.32,--,--,FOXA,,,,,,,,,,
Price/Book,1.46,1.43,1.36,1.46,1.66,1.48,--,--,FOXA,,,,,,,,,,
Enterprise Value/Revenue,1.38,1.34,1.22,1.24,1.38,1.45,--,--,FOXA,,,,,,,,,,
Enterprise Value/EBITDA,6.51,10.11,8.23,7.43,8.42,7.23,--,--,FOXA,,,,,,,,,,
Market Cap,95.20B,,83.74B,80.11B,79.67B,74.61B,75.03B,,IBN,,,,,,,,,,
Enterprise Value,--,,--,--,--,--,--,,IBN,,,,,,,,,,
Trailing P/E,18.24,,17.65,18.38,19.80,19.73,21.71,,IBN,,,,,,,,,,
Forward P/E,18.15,,16.56,17.99,18.55,17.48,18.05,,IBN,,,,,,,,,,
PEG Ratio (5yr expected),--,,--,--,--,--,--,,IBN,,,,,,,,,,
Price/Sales,4.99,,4.74,4.78,4.97,4.90,5.23,,IBN,,,,,,,,,,
Price/Book,3.10,,3.01,2.98,3.09,3.02,3.24,,IBN,,,,,,,,,,
Enterprise Value/Revenue,6.19,,5.95,6.27,6.21,6.27,6.53,,IBN,,,,,,,,,,
Enterprise Value/EBITDA,--,,--,--,--,--,--,,IBN,,,,,,,,,,
Market Cap,72.50B,,,,,,,,TGT,64.21B,51.15B,62.99B,72.81B,79.24B,,,,,
Enterprise Value,88.34B,,,,,,,,TGT,81.32B,68.36B,80.50B,89.65B,97.32B,,,,,
Trailing P/E,17.53,,,,,,,,TGT,17.72,15.20,23.25,26.38,23.52,,,,,
Forward P/E,16.75,,,,,,,,TGT,15.20,12.32,16.42,18.42,18.35,,,,,
PEG Ratio (5yr expected),2.40,,,,,,,,TGT,1.04,0.78,0.78,3.86,3.84,,,,,
Price/Sales,0.68,,,,,,,,TGT,0.60,0.47,0.58,0.67,0.74,,,,,
Price/Book,5.40,,,,,,,,TGT,5.13,4.27,5.43,6.48,7.19,,,,,
Enterprise Value/Revenue,0.82,,,,,,,,TGT,0.76,0.63,0.74,0.82,0.90,,,,,
Enterprise Value/EBITDA,10.27,,,,,,,,TGT,10.37,9.13,12.25,13.59,12.91,,,,,
Market Cap,6.23B,,5.76B,6.40B,6.80B,5.76B,5.33B,,CIG,,,,,,,,,,
Enterprise Value,7.62B,,7.31B,7.94B,8.18B,6.86B,6.50B,,CIG,,,,,,,,,,
Trailing P/E,5.07,,4.73,5.12,6.94,7.49,8.26,,CIG,,,,,,,,,,
Forward P/E,6.50,,4.74,8.31,7.58,6.77,8.11,,CIG,,,,,,,,,,
PEG Ratio (5yr expected),--,,--,--,--,--,--,,CIG,,,,,,,,,,
Price/Sales,0.79,,0.69,0.75,1.04,0.93,0.68,,CIG,,,,,,,,,,
Price/Book,1.54,,1.32,1.48,1.60,1.55,1.51,,CIG,,,,,,,,,,
Enterprise Value/Revenue,1.06,,0.99,1.11,1.13,1.00,0.97,,CIG,,,,,,,,,,
Enterprise Value/EBITDA,4.27,,3.54,3.99,5.22,6.04,6.36,,CIG,,,,,,,,,,
Market Cap,7.51B,7.72B,7.99B,8.23B,6.32B,7.29B,,,NOV,,,,,,,,,,
Enterprise Value,9.51B,9.28B,9.86B,10.02B,7.92B,8.58B,,,NOV,,,,,,,,,,
Trailing P/E,7.65,7.81,16.10,19.90,19.10,47.46,,,NOV,,,,,,,,,,
Forward P/E,12.33,12.80,12.11,12.67,13.14,15.90,,,NOV,,,,,,,,,,
PEG Ratio (5yr expected),--,--,0.28,0.29,0.30,0.38,,,NOV,,,,,,,,,,
Price/Sales,0.86,0.90,0.97,1.03,0.83,1.01,,,NOV,,,,,,,,,,
Price/Book,1.20,1.25,1.45,1.50,1.19,1.43,,,NOV,,,,,,,,,,
Enterprise Value/Revenue,1.08,1.08,1.19,1.25,1.04,1.19,,,NOV,,,,,,,,,,
Enterprise Value/EBITDA,9.22,9.26,9.81,11.04,9.87,13.91,,,NOV,,,,,,,,,,
Market Cap,62.68B,,,,,,,,FDX,,,,,,61.27B,64.68B,65.63B,54.75B,51.08B
Enterprise Value,94.55B,,,,,,,,FDX,,,,,,92.72B,95.84B,97.10B,87.47B,84.47B
Trailing P/E,14.70,,,,,,,,FDX,,,,,,14.77,15.80,16.86,18.76,15.91
Forward P/E,11.72,,,,,,,,FDX,,,,,,11.26,14.39,14.84,11.75,11.63
PEG Ratio (5yr expected),0.91,,,,,,,,FDX,,,,,,0.87,1.08,1.12,1.31,1.27
Price/Sales,0.73,,,,,,,,FDX,,,,,,0.72,0.74,0.74,0.61,0.56
Price/Book,2.38,,,,,,,,FDX,,,,,,2.29,2.44,2.52,2.21,2.12
Enterprise Value/Revenue,1.08,,,,,,,,FDX,,,,,,1.05,1.08,1.08,0.94,0.90
Enterprise Value/EBITDA,8.54,,,,,,,,FDX,,,,,,8.55,9.01,9.49,9.97,9.39
Market Cap,1.24B,1.13B,1.17B,1.10B,1.28B,1.11B,,,DOLE,,,,,,,,,,
Enterprise Value,2.33B,2.28B,2.39B,2.41B,2.62B,2.52B,,,DOLE,,,,,,,,,,
Trailing P/E,6.42,7.80,13.36,11.94,14.23,12.90,,,DOLE,,,,,,,,,,
Forward P/E,10.06,9.22,10.03,10.10,14.08,10.99,,,DOLE,,,,,,,,,,
PEG Ratio (5yr expected),--,--,--,--,--,--,,,DOLE,,,,,,,,,,
Price/Sales,0.15,0.14,0.12,0.12,0.14,0.12,,,DOLE,,,,,,,,,,
Price/Book,0.95,0.91,0.95,0.91,1.10,0.96,,,DOLE,,,,,,,,,,
Enterprise Value/Revenue,0.28,0.28,0.25,0.26,0.28,0.27,,,DOLE,,,,,,,,,,
Enterprise Value/EBITDA,5.23,5.83,6.94,13.83,9.23,9.55,,,DOLE,,,,,,,,,,
Market Cap,892.20B,908.92B,776.89B,763.99B,744.05B,673.08B,,--,BRK-B,,,,,,,,,,
Enterprise Value,979.41B,999.17B,870.83B,839.28B,840.93B,760.01B,,--,BRK-B,,,,,,,,,,
Trailing P/E,12.18,9.50,10.16,8.84,101.13,--,,54.29,BRK-B,,,,,,,,,,
Forward P/E,18.76,18.83,16.23,19.12,21.60,21.01,,--,BRK-B,,,,,,,,,,
PEG Ratio (5yr expected),--,--,--,--,--,--,,--,BRK-B,,,,,,,,,,
Price/Sales,2.18,2.08,1.94,1.91,2.62,2.90,,--,BRK-B,,,,,,,,,,
Price/Book,1.56,1.62,1.47,1.41,1.47,1.42,,--,BRK-B,,,,,,,,,,
Enterprise Value/Revenue,2.38,2.27,2.17,2.09,2.95,3.25,,--,BRK-B,,,,,,,,,,
Enterprise Value/EBITDA,--,--,--,--,--,--,,--,BRK-B,,,,,,,,,,
Market Cap,67.75B,70.52B,66.21B,64.19B,73.54B,85.20B,,,PYPL,,,,,,,,,,
Enterprise Value,63.12B,66.14B,65.31B,64.85B,73.37B,84.77B,,,PYPL,,,,,,,,,,
Trailing P/E,16.31,17.45,18.33,16.38,28.28,36.33,,,PYPL,,,,,,,,,,
Forward P/E,15.22,13.09,10.88,10.33,13.48,15.53,,,PYPL,,,,,,,,,,
PEG Ratio (5yr expected),1.37,0.56,0.51,0.49,0.56,0.88,,,PYPL,,,,,,,,,,
Price/Sales,2.32,2.49,2.37,2.33,2.73,3.20,,,PYPL,,,,,,,,,,
Price/Book,3.27,3.35,3.33,3.21,3.70,4.20,,,PYPL,,,,,,,,,,
Enterprise Value/Revenue,2.07,2.22,2.24,2.27,2.61,3.08,,,PYPL,,,,,,,,,,
Enterprise Value/EBITDA,9.07,9.68,10.51,9.81,13.58,17.00,,,PYPL,,,,,,,,,,
Market Cap,8.07B,9.72B,9.92B,10.89B,11.63B,10.69B,,,MTCH,,,,,,,,,,
Enterprise Value,10.99B,12.70B,13.05B,13.99B,14.89B,13.94B,,,MTCH,,,,,,,,,,
Trailing P/E,13.32,16.05,20.62,23.89,39.11,30.71,,,MTCH,,,,,,,,,,
Forward P/E,13.62,12.87,14.04,13.68,20.20,19.19,,,MTCH,,,,,,,,,,
PEG Ratio (5yr expected),0.49,0.46,0.49,0.62,0.75,0.71,,,MTCH,,,,,,,,,,
Price/Sales,2.57,3.16,3.26,3.58,3.85,3.55,,,MTCH,,,,,,,,,,
Price/Book,10.97,--,--,--,--,--,,,MTCH,,,,,,,,,,
Enterprise Value/Revenue,3.20,3.21,3.97,4.36,4.69,4.37,,,MTCH,,,,,,,,,,
Enterprise Value/EBITDA,11.00,11.06,15.70,17.81,26.62,24.61,,,MTCH,,,,,,,,,,
Market Cap,72.06B,100.54B,101.61B,89.68B,88.62B,95.04B,,,CVS,,,,,,,,,,
Enterprise Value,140.76B,168.47B,165.52B,154.93B,143.63B,150.05B,,,CVS,,,,,,,,,,
Trailing P/E,10.07,12.33,12.09,31.88,22.97,23.67,,,CVS,,,,,,,,,,
Forward P/E,8.01,9.60,9.29,8.12,8.04,8.43,,,CVS,,,,,,,,,,
PEG Ratio (5yr expected),1.46,1.16,0.36,0.31,1.36,1.26,,,CVS,,,,,,,,,,
Price/Sales,0.20,0.29,0.29,0.27,0.27,0.30,,,CVS,,,,,,,,,,
Price/Book,0.97,1.31,1.37,1.24,1.24,1.34,,,CVS,,,,,,,,,,
Enterprise Value/Revenue,0.39,0.47,0.48,0.46,0.45,0.47,,,CVS,,,,,,,,,,
Enterprise Value/EBITDA,8.20,9.26,9.08,14.67,11.63,12.34,,,CVS,,,,,,,,,,
Market Cap,33.61B,34.94B,32.36B,36.39B,29.63B,28.54B,,,HAL,,,,,,,,,,
Enterprise Value,40.50B,41.49B,39.22B,43.36B,36.71B,35.14B,,,HAL,,,,,,,,,,
Trailing P/E,13.18,13.50,12.42,14.94,15.27,18.29,,,HAL,,,,,,,,,,
Forward P/E,11.26,11.57,10.34,11.48,10.60,10.83,,,HAL,,,,,,,,,,
PEG Ratio (5yr expected),2.68,3.88,1.03,1.12,1.03,0.78,,,HAL,,,,,,,,,,
Price/Sales,1.47,1.54,1.43,1.64,1.38,1.42,,,HAL,,,,,,,,,,
Price/Book,3.49,3.71,3.51,4.17,3.52,3.59,,,HAL,,,,,,,,,,
Enterprise Value/Revenue,1.75,1.80,1.72,1.93,1.69,1.73,,,HAL,,,,,,,,,,
Enterprise Value/EBITDA,8.24,8.40,8.17,9.44,9.09,9.92,,,HAL,,,,,,,,,,
Market Cap,2.54B,2.30B,2.16B,2.22B,1.90B,1.85B,,,LAUR,,,,,,,,,,
Enterprise Value,3.04B,2.79B,2.55B,2.73B,2.46B,2.41B,,,LAUR,,,,,,,,,,
Trailing P/E,19.50,19.60,21.07,23.35,27.43,32.29,,,LAUR,,,,,,,,,,
Forward P/E,16.92,--,--,--,--,--,,,LAUR,,,,,,,,,,
PEG Ratio (5yr expected),1.15,--,--,--,--,--,,,LAUR,,,,,,,,,,
Price/Sales,1.71,1.55,1.53,1.67,1.54,1.59,,,LAUR,,,,,,,,,,
Price/Book,2.72,2.39,2.24,2.28,2.32,2.39,,,LAUR,,,,,,,,,,
Enterprise Value/Revenue,2.02,1.88,1.80,2.00,1.92,1.94,,,LAUR,,,,,,,,,,
Enterprise Value/EBITDA,7.67,7.37,7.24,7.85,7.33,6.87,,,LAUR,,,,,,,,,,
Market Cap,11.47B,10.35B,11.01B,12.63B,10.50B,11.13B,--,--,APA,,,,,,,,,,
Enterprise Value,16.67B,15.57B,16.60B,18.16B,16.29B,16.50B,--,--,APA,,,,,,,,,,
Trailing P/E,3.47,3.72,7.16,8.42,5.36,3.27,--,--,APA,,,,,,,,,,
Forward P/E,7.29,8.10,6.33,6.91,5.51,3.99,--,--,APA,,,,,,,,,,
PEG Ratio (5yr expected),--,--,--,--,--,--,0.18,0.15,APA,,,,,,,,,,
Price/Sales,1.15,1.28,1.29,1.42,1.06,1.08,--,--,APA,,,,,,,,,,
Price/Book,4.40,3.90,10.10,17.78,23.65,26.31,--,--,APA,,,,,,,,,,
Enterprise Value/Revenue,2.03,1.88,1.93,1.98,1.56,1.49,--,--,APA,,,,,,,,,,
Enterprise Value/EBITDA,3.72,3.28,3.36,3.52,2.79,2.27,--,--,APA,,,,,,,,,,
Market Cap,34.20B,30.80B,25.89B,23.81B,30.59B,22.44B,--,,DAL,,,,,,,,,,
Enterprise Value,56.04B,54.21B,47.68B,45.32B,53.54B,46.52B,--,,DAL,,,,,,,,,,
Trailing P/E,6.79,6.68,7.59,7.94,16.01,16.95,--,,DAL,,,,,,,,,,
Forward P/E,7.78,7.13,5.85,5.17,7.81,6.35,--,,DAL,,,,,,,,,,
PEG Ratio (5yr expected),23.16,--,0.22,0.17,0.37,0.27,0.07,,DAL,,,,,,,,,,
Price/Sales,0.58,0.53,0.45,0.43,0.56,0.44,--,,DAL,,,,,,,,,,
Price/Book,3.07,2.78,2.81,2.94,4.89,3.41,--,,DAL,,,,,,,,,,
Enterprise Value/Revenue,0.95,0.93,0.83,0.81,0.99,0.92,--,,DAL,,,,,,,,,,
Enterprise Value/EBITDA,7.95,6.17,8.97,9.42,14.91,9.21,--,,DAL,,,,,,,,,,
Market Cap,51.44B,52.35B,49.19B,45.36B,53.98B,51.35B,,,GM,,,,,,,,,,
Enterprise Value,148.20B,148.54B,133.19B,130.78B,140.20B,135.72B,,,GM,,,,,,,,,,
Trailing P/E,5.51,6.20,5.04,4.60,5.96,5.98,,,GM,,,,,,,,,,
Forward P/E,4.78,5.04,4.61,4.86,5.69,5.96,,,GM,,,,,,,,,,
PEG Ratio (5yr expected),3.19,0.85,0.63,4.86,1.56,1.31,,,GM,,,,,,,,,,
Price/Sales,0.34,0.36,0.29,0.28,0.34,0.34,,,GM,,,,,,,,,,
Price/Book,0.77,0.81,0.66,0.64,0.77,0.76,,,GM,,,,,,,,,,
Enterprise Value/Revenue,0.85,0.86,0.77,0.77,0.87,0.87,,,GM,,,,,,,,,,
Enterprise Value/EBITDA,6.15,6.40,5.48,5.28,5.89,5.68,,,GM,,,,,,,,,,
Market Cap,17.96B,15.74B,13.53B,13.87B,18.00B,14.51B,,,UAL,,,,,,,,,,
Enterprise Value,36.25B,35.77B,31.46B,30.58B,36.87B,34.53B,,,UAL,,,,,,,,,,
Trailing P/E,6.67,6.00,4.78,5.22,9.33,19.84,,,UAL,,,,,,,,,,
Forward P/E,5.30,4.95,4.13,3.40,5.17,4.30,,,UAL,,,,,,,,,,
PEG Ratio (5yr expected),0.70,0.62,0.13,0.09,0.14,0.12,,,UAL,,,,,,,,,,
Price/Sales,0.33,0.30,0.26,0.28,0.37,0.32,,,UAL,,,,,,,,,,
Price/Book,1.95,1.69,1.53,1.80,2.70,2.10,,,UAL,,,,,,,,,,
Enterprise Value/Revenue,0.66,0.67,0.60,0.60,0.76,0.77,,,UAL,,,,,,,,,,
Enterprise Value/EBITDA,6.97,4.57,5.68,5.89,8.76,6.75,,,UAL,,,,,,,,,,
Market Cap,48.51B,52.77B,48.80B,49.71B,60.53B,50.40B,--,,F,,,,,,,,,,
Enterprise Value,165.47B,163.71B,152.22B,151.74B,161.93B,146.80B,--,,F,,,,,,,,,,
Trailing P/E,12.53,12.30,7.97,12.06,20.73,--,5.19,,F,,,,,,,,,,
Forward P/E,6.12,7.22,7.05,6.25,9.12,7.75,--,,F,,,,,,,,,,
PEG Ratio (5yr expected),0.67,0.78,0.73,0.65,1.07,0.83,--,,F,,,,,,,,,,
Price/Sales,0.28,0.30,0.28,0.29,0.37,0.32,--,,F,,,,,,,,,,
Price/Book,1.13,1.23,1.10,1.14,1.43,1.17,--,,F,,,,,,,,,,
Enterprise Value/Revenue,0.93,0.93,0.87,0.89,0.98,0.93,--,,F,,,,,,,,,,
Enterprise Value/EBITDA,14.88,13.86,10.28,12.32,14.93,30.85,--,,F,,,,,,,,,,
